CustomerID,PersonID,StoreID,TerritoryID,AccountNumber,rowguid,ModifiedDate
16504,6629,NA,4,AW00016504,2026A40D-8DF6-4643-89FB-330D64CA58AD,12-09-14 9:15
25229,5922,NA,9,AW00025229,30292866-2BAB-4576-B26C-38D4E809C536,12-09-14 9:15
24803,3687,NA,1,AW00024803,3EB155CE-6F54-44DF-932E-AD123FCDB7C0,12-09-14 9:15
28809,14639,NA,1,AW00028809,475E4F67-CCB3-40C5-BC34-97A7CB744B90,12-09-14 9:15
11786,15123,NA,1,AW00011786,0F35F435-4AB3-496C-846D-6E15FBFA3639,12-09-14 9:15
17901,20492,NA,8,AW00017901,71ECFEFD-F20E-4F09-A76F-6E1AFB8451DD,12-09-14 9:15
26756,8259,NA,9,AW00026756,BF3CC5C8-1698-40D8-A56E-8ADB21F6E830,12-09-14 9:15
20158,13698,NA,9,AW00020158,E1A910EF-2EC1-4E42-9199-251B2741EC1D,12-09-14 9:15
11494,15646,NA,10,AW00011494,D00B37B2-3687-4258-B6CB-F7F7731FCB42,12-09-14 9:15
27979,6443,NA,9,AW00027979,CD85672A-9426-42DA-B9DA-46B0CB81A4DA,12-09-14 9:15
15748,6243,NA,6,AW00015748,BA46796C-45E5-40CD-BF82-15FB02E4B50F,12-09-14 9:15
28736,15061,NA,7,AW00028736,08A5E4E5-F408-474F-BA28-C71FD10864FF,12-09-14 9:15
24006,20406,NA,9,AW00024006,90DEFCC8-981B-4F92-9B17-28F23E4F8C5C,12-09-14 9:15
20211,1703,NA,9,AW00020211,1A02E88C-CBBF-4A6F-9A0B-89FB99E57B0D,12-09-14 9:15
12414,6533,NA,1,AW00012414,89B84F2F-1180-483B-B23B-7EB24BE9640B,12-09-14 9:15
22486,15625,NA,8,AW00022486,76840706-C207-4281-B428-6199AC97F811,12-09-14 9:15
12680,20221,NA,9,AW00012680,AA37A2D5-94E8-42DD-A908-1D535179A1EC,12-09-14 9:15
11507,2661,NA,6,AW00011507,5F570789-FB66-4278-A094-47F7A1096FB9,12-09-14 9:15
18853,8276,NA,1,AW00018853,49895198-50ED-439E-9DE1-FF3E1647D77E,12-09-14 9:15
27654,17852,NA,4,AW00027654,DFDDC48A-7C93-4042-8D2A-BAB931EC95C1,12-09-14 9:15
29044,11756,NA,1,AW00029044,170798EB-C078-46E9-B46A-209C16F07886,12-09-14 9:15
22392,8226,NA,7,AW00022392,CC596158-9495-4E96-8EA0-257BDF64EE98,12-09-14 9:15
274,NA,952,3,AW00000274,02788A66-2628-4B91-B211-1D8F7E73C500,12-09-14 9:15
14467,12930,NA,1,AW00014467,67FC2D74-762C-4F87-B04F-2415436DAB5E,12-09-14 9:15
20591,16546,NA,8,AW00020591,235B6931-9B71-4146-A243-BD65A3E64C9A,12-09-14 9:15
14815,2649,NA,10,AW00014815,218243AE-E828-448D-BB5C-F521AC9EF507,12-09-14 9:15
14087,2885,NA,9,AW00014087,87598742-18F1-4261-B931-B5C8D5148B49,12-09-14 9:15
21564,2475,NA,9,AW00021564,E97AB604-2F58-4E2E-B1E4-013A50F09441,12-09-14 9:15
23746,1717,NA,7,AW00023746,CF94ED99-B16F-4BEF-A965-AFE257FD6905,12-09-14 9:15
28191,7311,NA,1,AW00028191,F29CB1C3-DE28-4DC1-87A6-D676A3464F1F,12-09-14 9:15
23621,14285,NA,7,AW00023621,E0CC5C38-DA8C-465F-A10F-11BD0357C095,12-09-14 9:15
18875,14093,NA,6,AW00018875,281558DE-2361-46B5-9A30-B453A5FF9492,12-09-14 9:15
24950,3139,NA,4,AW00024950,1C5CA7FA-6EBF-41AF-84F8-F75B25E83BA9,12-09-14 9:15
21471,4665,NA,6,AW00021471,ABBE1ECB-1F1E-42C8-81E2-91D61D7D3840,12-09-14 9:15
17272,10454,NA,1,AW00017272,543764B4-A25C-451D-92D1-F8C21C566E9B,12-09-14 9:15
23281,11686,NA,6,AW00023281,5DF4C482-12DE-449E-A9FA-9F30E1A7DC62,12-09-14 9:15
19479,3492,NA,10,AW00019479,07C8F3FE-8F86-41D8-BD97-F166236B3889,12-09-14 9:15
27356,3411,NA,9,AW00027356,D8E3060A-BA9B-4528-BCEA-7ECDE960853D,12-09-14 9:15
26390,8191,NA,10,AW00026390,A98109F7-3DEF-43D3-B490-E19ED462A8A5,12-09-14 9:15
23687,7341,NA,1,AW00023687,82F82828-FA0D-458E-8C51-4AD52A3E1C3B,12-09-14 9:15
82,NA,1264,6,AW00000082,92618ECE-2254-4852-B3B3-46ED2E0E3E1A,12-09-14 9:15
18932,16965,NA,9,AW00018932,64188D09-C972-4047-BE68-F88F114F4DD4,12-09-14 9:15
14942,18893,NA,7,AW00014942,E4A48E09-9BE5-43D9-8FC2-9861708CE2DB,12-09-14 9:15
25931,6545,NA,1,AW00025931,92FF82BA-C7BA-4CD6-BBB3-80BD38B8C4F5,12-09-14 9:15
20620,19388,NA,9,AW00020620,D22DADE3-55C9-4CF5-AF64-B7FCE21769BC,12-09-14 9:15
16997,10913,NA,4,AW00016997,CF70B595-3CDA-46E2-8AC6-7D2E11ADC16D,12-09-14 9:15
29146,13869,NA,1,AW00029146,D84284FC-A53E-450F-8684-BC13D4F77C06,12-09-14 9:15
17895,15860,NA,10,AW00017895,99AED67F-04B1-40D7-BD88-9494ED8D1996,12-09-14 9:15
17351,4257,NA,9,AW00017351,C466988B-D37A-4BC4-AD38-080EBADB41EB,12-09-14 9:15
27450,12796,NA,1,AW00027450,9077C238-2362-4D0F-BC71-CA55A4B40F9B,12-09-14 9:15
26509,4309,NA,1,AW00026509,56ACB599-ECAE-4993-9326-3CD58E399601,12-09-14 9:15
14262,13564,NA,9,AW00014262,AD0C889A-9F0D-41E3-873C-6F2AA783AC29,12-09-14 9:15
25698,8801,NA,7,AW00025698,ADBE4C2E-F220-4FDF-9689-21AE4EAC7F7A,12-09-14 9:15
28294,12754,NA,4,AW00028294,CBC7D9E7-30DF-43C0-AE76-8C6B1F814B7E,12-09-14 9:15
12267,4098,NA,7,AW00012267,DFFFB589-DA2B-415D-AB64-0CFFD5198B63,12-09-14 9:15
16556,7156,NA,8,AW00016556,EB8F42B7-4CB6-4D5B-9AE4-7DAA1F2D806B,12-09-14 9:15
23014,19633,NA,9,AW00023014,29AA6D5A-62F4-4C14-B6BD-D5A690AE5A30,12-09-14 9:15
15753,17698,NA,9,AW00015753,376CDD65-EAB4-4511-B79C-2C950ED04BED,12-09-14 9:15
17741,4567,NA,8,AW00017741,AC689194-BA2F-4336-BA27-411AEDF4F8D8,12-09-14 9:15
13402,16027,NA,4,AW00013402,D25599CF-11B9-4325-81C3-25B456D0DAAC,12-09-14 9:15
7,NA,930,1,AW00000007,03E9273E-B193-448E-9823-FE0C44AEED78,12-09-14 9:15
19807,2536,NA,9,AW00019807,3F71DBB3-52E4-4944-A47B-2B1A3FF6743A,12-09-14 9:15
25575,16161,NA,8,AW00025575,E4FC7C57-EA00-43A5-AD3F-CF92A9C8B418,12-09-14 9:15
21056,14694,NA,10,AW00021056,E0FC17A6-02FC-4807-AF5B-C59E1FFC5B59,12-09-14 9:15
20185,14682,NA,4,AW00020185,02005477-5DC0-4AF4-B97C-E38BF80B83E9,12-09-14 9:15
15883,12867,NA,4,AW00015883,85A1AFFB-4899-43D5-AF8C-647CFA026BD2,12-09-14 9:15
22139,9456,NA,4,AW00022139,AE7A20FC-73CD-4A76-AAC8-77F7AEA0D958,12-09-14 9:15
26627,5661,NA,4,AW00026627,C7B5DFFE-9251-4F6F-9692-853670A99DE9,12-09-14 9:15
24626,13985,NA,4,AW00024626,CD7198B0-C7DA-45DE-82A9-3A783047EDF1,12-09-14 9:15
27887,5441,NA,7,AW00027887,C3FFF992-5A60-4DBF-ACB4-7B979C0EE8A8,12-09-14 9:15
18570,14400,NA,6,AW00018570,9A7CA60E-74DB-42F7-8F49-4D1D3AE52383,12-09-14 9:15
13978,8187,NA,1,AW00013978,03A0D938-BC1C-4592-B110-091DA1266D36,12-09-14 9:15
15960,19275,NA,4,AW00015960,986234DD-7CE0-417D-A83B-58B44D7C0802,12-09-14 9:15
11806,20438,NA,4,AW00011806,E79081C9-5BB3-4CA4-B758-C24F7863ADD1,12-09-14 9:15
14376,8156,NA,1,AW00014376,5E3BB728-1D7B-4F2F-BF25-AF2ED7EFA73A,12-09-14 9:15
18728,13291,NA,9,AW00018728,2FB7CF70-9CC1-41B8-A4FE-FB040E531CBA,12-09-14 9:15
19011,3226,NA,4,AW00019011,03F73DCE-F371-4E4C-B0A4-2F524387B5EF,12-09-14 9:15
13654,20386,NA,1,AW00013654,49B1383E-AD5D-4A2A-B42B-0FEB959F62F2,12-09-14 9:15
22195,19195,NA,9,AW00022195,76BE04E5-B2BE-401E-A839-BED8C03CC1B9,12-09-14 9:15
19082,4272,NA,10,AW00019082,7559C14C-A844-45D7-AB9C-B7CA0C0A7C0F,12-09-14 9:15
23112,6369,NA,4,AW00023112,EAD1C099-0221-44D4-B00A-DD9E56C67D97,12-09-14 9:15
16466,12003,NA,8,AW00016466,6B0D4FE4-50F6-438F-A8BE-B08CA2DC2072,12-09-14 9:15
11933,14552,NA,1,AW00011933,E44726AE-F0BC-403A-8FD1-50C61AD4DDB7,12-09-14 9:15
29752,889,890,2,AW00029752,F817E6A7-5C9F-4E77-A1A7-03C2C9E03BC9,12-09-14 9:15
26075,12119,NA,1,AW00026075,57513B31-1194-4B9D-BCD6-E19BE99A78C6,12-09-14 9:15
20562,1704,NA,10,AW00020562,FD3431AF-A58D-4269-AA69-5C2280B244ED,12-09-14 9:15
11166,12441,NA,1,AW00011166,CA7E2C72-5F99-4D6D-A491-2A7FD760995B,12-09-14 9:15
23637,3634,NA,7,AW00023637,0BFA39C3-85CE-4319-9A8E-B65BD7B9E134,12-09-14 9:15
29437,3380,NA,7,AW00029437,598789E2-8C00-4F5A-A7DC-AE6BD9D49112,12-09-14 9:15
20134,7780,NA,10,AW00020134,02EA3303-B7FE-49A5-A80F-80B027209223,12-09-14 9:15
29153,11646,NA,4,AW00029153,AE41E74E-D144-4507-AAEE-236A66BBB3B2,12-09-14 9:15
25292,5055,NA,4,AW00025292,BDAAE6AB-A460-4DA7-AC0F-3881B3A09AFE,12-09-14 9:15
20353,9697,NA,4,AW00020353,B893F6BD-9F47-4FF8-A752-B2436359675D,12-09-14 9:15
23598,13829,NA,10,AW00023598,58AB4645-E5CD-4CC9-B690-B0F1B173B469,12-09-14 9:15
17536,18196,NA,4,AW00017536,565FBCAC-399F-4387-8582-CAC5119D6446,12-09-14 9:15
29767,921,922,5,AW00029767,91EF614A-3647-427D-86CC-E7F983FA32FD,12-09-14 9:15
21935,19459,NA,1,AW00021935,89F29C58-5840-4B7E-8B6E-90435FD6347C,12-09-14 9:15
359,NA,604,2,AW00000359,68E332E9-2929-4149-8086-FA8D7E4BC859,12-09-14 9:15
577,NA,1118,1,AW00000577,4FD75307-57E3-44B4-99F7-FB0206F5222E,12-09-14 9:15
19839,4493,NA,6,AW00019839,9F54F89F-8E96-4591-9884-09043FA13ADB,12-09-14 9:15
24557,7705,NA,10,AW00024557,7F208EFF-5C90-41BF-A643-F045664DCE77,12-09-14 9:15
14328,9052,NA,6,AW00014328,CE4FF0D1-04B9-48C5-8728-678DC3B299C6,12-09-14 9:15
22280,16586,NA,4,AW00022280,29409685-DB21-4A6C-8574-ADF687F20F0F,12-09-14 9:15
11411,14287,NA,8,AW00011411,0CAAFE32-A409-470D-A2BB-B6DF6C7FFC22,12-09-14 9:15
11530,18892,NA,6,AW00011530,341FE9AB-9269-45DB-9926-29705A5FFC8C,12-09-14 9:15
23517,20143,NA,1,AW00023517,FFE43E23-336A-4037-8592-82F7DA91D789,12-09-14 9:15
20424,10106,NA,9,AW00020424,5C533BC5-99F4-4199-928F-7E61D616E1A2,12-09-14 9:15
25797,2695,NA,7,AW00025797,9BE2D7C2-94A3-4C93-8DC4-54347D7451D0,12-09-14 9:15
14533,14805,NA,10,AW00014533,6E20E7A6-93D3-46D3-91A7-9A661F1B9C4A,12-09-14 9:15
27209,3005,NA,4,AW00027209,C594169A-C5E3-4724-9964-66869FFDF8C7,12-09-14 9:15
24847,8485,NA,10,AW00024847,53B15CF6-B32A-4C50-AA8D-21074BC8AD09,12-09-14 9:15
13864,13735,NA,4,AW00013864,5D2FC7C3-ED3E-4CE9-95B5-6A5643119E24,12-09-14 9:15
24500,4292,NA,1,AW00024500,C0D8DE29-5F15-474C-BCD5-5E6694FB6A2A,12-09-14 9:15
19931,5638,NA,8,AW00019931,3F66C633-ABD5-48FD-98E2-1F5283A63CEF,12-09-14 9:15
19266,9268,NA,9,AW00019266,BD2A0EFB-0979-4EB9-9EFA-EC3465D5FB37,12-09-14 9:15
15324,15022,NA,2,AW00015324,5B2AE298-8063-463E-B20E-A760B5475A8C,12-09-14 9:15
12074,19144,NA,6,AW00012074,9827E351-12D9-44C1-BAC2-1FDF8F942011,12-09-14 9:15
16883,18540,NA,4,AW00016883,7D79453D-2A28-4D1E-8CFE-9A541323A0B8,12-09-14 9:15
13447,20030,NA,4,AW00013447,11B15DF0-19AF-4C70-AF1B-F308EB1A2A81,12-09-14 9:15
21934,20463,NA,4,AW00021934,A7FD83E4-CF73-4D47-A768-066A72B78B82,12-09-14 9:15
16312,16273,NA,7,AW00016312,F7BF572A-EBAC-44B7-8D60-21307996E7B4,12-09-14 9:15
11239,16405,NA,10,AW00011239,9DA8290E-D0E9-43FC-8410-28A5FB6EF65E,12-09-14 9:15
27220,5335,NA,4,AW00027220,D4F0A71E-7CEB-48C1-B0F8-FDF30EBCCC03,12-09-14 9:15
22545,7209,NA,6,AW00022545,C8F7BCE3-6A02-4946-AA6F-3889AE4A3367,12-09-14 9:15
15601,17319,NA,9,AW00015601,842C26FF-F776-40C5-B9EE-DE5B99EED808,12-09-14 9:15
15495,19062,NA,4,AW00015495,23AB2BF5-EC13-4623-AAD9-7C3DCF15456D,12-09-14 9:15
26331,8126,NA,1,AW00026331,8F7C9A0F-10B4-4EE5-A3E8-4BAFED3C6B31,12-09-14 9:15
27159,19002,NA,7,AW00027159,2723795A-D18B-4AB2-9FBF-FB6EA5FABA6B,12-09-14 9:15
21062,7268,NA,7,AW00021062,43FD7A06-15D2-4AFA-8527-57948B1B1127,12-09-14 9:15
27669,10955,NA,4,AW00027669,624BCFDF-7C04-4BB7-9549-3879101FA88B,12-09-14 9:15
29319,5097,NA,9,AW00029319,EEC75CDA-A70A-471A-9F56-26325A49A6E3,12-09-14 9:15
17683,9297,NA,4,AW00017683,01B6D0A5-1EA3-47B7-9F9D-4F4266E157D6,12-09-14 9:15
11652,6017,NA,6,AW00011652,6651D252-B117-47AC-B7F0-36343A378BD0,12-09-14 9:15
15117,17825,NA,8,AW00015117,1E1DD35E-6CEE-48AD-AE8B-3FE55F177EA2,12-09-14 9:15
24133,7522,NA,7,AW00024133,C9CA31E4-2804-4CC9-8A56-C5999C5035D8,12-09-14 9:15
512,NA,352,5,AW00000512,5B37CCFF-1A71-4561-AC12-50EB77C92BC2,12-09-14 9:15
24042,18562,NA,8,AW00024042,6C34F303-F50B-4F1C-852F-5E5093E24256,12-09-14 9:15
14711,8839,NA,8,AW00014711,1CC32D0E-6381-408F-A4DF-2D73049CE3DF,12-09-14 9:15
25103,7934,NA,4,AW00025103,6E483A4B-965F-458D-A10E-1825617D0EF5,12-09-14 9:15
20909,3028,NA,10,AW00020909,6C9E5BD2-CB0D-429B-AE3A-89149EAD6124,12-09-14 9:15
14424,7372,NA,7,AW00014424,A993070B-134D-4CC8-9BFE-BF4191CFB725,12-09-14 9:15
27803,13921,NA,7,AW00027803,1CAD4185-AC07-42F6-AF27-0410504D676E,12-09-14 9:15
12190,6621,NA,4,AW00012190,1D461665-42B4-4823-8893-21BCA65F0A0B,12-09-14 9:15
21600,8745,NA,4,AW00021600,3C70F349-C053-4296-B84A-AB473F5D39AF,12-09-14 9:15
14009,18851,NA,9,AW00014009,7216DF0B-F8B8-43F7-8ADC-20955CA0850C,12-09-14 9:15
27207,3540,NA,1,AW00027207,3BAA3CF6-3354-4481-B9D6-6422A8BE2CD9,12-09-14 9:15
22220,6944,NA,1,AW00022220,C3829823-0A76-4CA9-8F1F-DDD5766BB88E,12-09-14 9:15
27384,5288,NA,6,AW00027384,5C2E5A32-8227-4BC1-BE51-312D0240E49F,12-09-14 9:15
19129,13261,NA,4,AW00019129,6ACB90AB-F8E9-43AB-A1AA-36A03F97C8EA,12-09-14 9:15
12728,15229,NA,8,AW00012728,B4C6B9BA-3F11-4FA2-92E9-EB53D3C6A3A7,12-09-14 9:15
15110,18369,NA,8,AW00015110,2402DBB1-4BB3-4644-A8A2-D0BB535891D0,12-09-14 9:15
24658,10065,NA,1,AW00024658,C03D41C1-0D18-4119-ADA1-17106B1532EC,12-09-14 9:15
13233,13774,NA,1,AW00013233,0A09E070-7457-4846-B091-E42E655B4001,12-09-14 9:15
14920,16647,NA,4,AW00014920,B868A893-7FF4-4966-B89F-8DA2B37DB577,12-09-14 9:15
28799,9898,NA,4,AW00028799,E445310E-E89C-48DB-8B4E-3946371B602B,12-09-14 9:15
22114,4794,NA,6,AW00022114,1793D6CC-E852-4AA9-8B71-42FEB0FF3147,12-09-14 9:15
18575,9473,NA,4,AW00018575,C1185F9D-6F9C-44C5-A6EC-F97B2F8C133F,12-09-14 9:15
22192,6071,NA,1,AW00022192,6AC64AB3-2D6A-4313-A982-3C90D4AE1E9F,12-09-14 9:15
29229,14850,NA,6,AW00029229,C0E1E027-C80C-43A7-8137-944B14A56852,12-09-14 9:15
11648,16534,NA,4,AW00011648,34C5B06A-520D-4376-A321-1471E264B5D9,12-09-14 9:15
11306,6569,NA,4,AW00011306,100933ED-6D7E-4D88-A7AC-D1297AB66A6C,12-09-14 9:15
29919,1253,1254,4,AW00029919,5D0FA571-03D2-4614-8309-ABB42881AE6A,12-09-14 9:15
27212,9553,NA,4,AW00027212,13A9D652-592D-4068-A7DC-A047AA3FE27B,12-09-14 9:15
28263,17723,NA,1,AW00028263,8F5B270C-D032-493D-B590-3E013758CB13,12-09-14 9:15
27425,15329,NA,4,AW00027425,A16DF48D-E74B-4FBB-A534-C2F878793839,12-09-14 9:15
29271,13195,NA,1,AW00029271,B13F1A6B-8EAB-41A6-8AEF-656367C51992,12-09-14 9:15
24228,17223,NA,9,AW00024228,9F784412-A804-4761-B1FC-A59D4FD833F9,12-09-14 9:15
11463,12037,NA,9,AW00011463,ED4398F1-274D-4080-91CC-7F80FDB23839,12-09-14 9:15
15026,14262,NA,9,AW00015026,3586CC75-7173-4310-8E91-ADEB127E3D0E,12-09-14 9:15
27745,7944,NA,9,AW00027745,97AED933-D0E4-4DD9-82A4-B0E3FC102F73,12-09-14 9:15
23594,14909,NA,4,AW00023594,C4CCB4CD-2714-4A62-8811-07C1A173C88E,12-09-14 9:15
24696,8612,NA,8,AW00024696,27C5B78E-6CF6-46D4-B13A-232BC7CA7F1F,12-09-14 9:15
23039,3802,NA,4,AW00023039,CA254172-2312-413E-8690-9DDF4C091D71,12-09-14 9:15
22024,6024,NA,4,AW00022024,02D153BC-2623-40E7-8D42-6A3CB71F426E,12-09-14 9:15
17825,12576,NA,8,AW00017825,1A612431-9F78-405F-91A8-5CD01D7F4A5B,12-09-14 9:15
17708,1775,NA,10,AW00017708,D1B75136-4B06-4988-A575-88E1C4A1367A,12-09-14 9:15
19394,16320,NA,6,AW00019394,24BAA9BB-5978-4FFD-96E0-D755895345AA,12-09-14 9:15
264,NA,1940,6,AW00000264,A5CE11CE-239C-4849-9683-14F37025A2C1,12-09-14 9:15
14839,18774,NA,10,AW00014839,CA9B259C-A420-4AA0-B76A-ADC1864B31EF,12-09-14 9:15
28164,3337,NA,4,AW00028164,31D2E0A9-2C5E-4D5A-A9E8-35DFFFF6D4F3,12-09-14 9:15
24023,3719,NA,7,AW00024023,7525C4C2-0719-4991-A17A-A7370B2CD7EE,12-09-14 9:15
18626,17188,NA,8,AW00018626,CDA8025C-C78E-4388-9D53-137E00EE4EC8,12-09-14 9:15
18080,8486,NA,4,AW00018080,A9C2A780-51E3-4723-9C39-6423E58BF4D5,12-09-14 9:15
442,NA,852,6,AW00000442,F41036BB-C3BA-4935-9F16-10DEC1A55C33,12-09-14 9:15
15620,7493,NA,10,AW00015620,3FBCB8B1-2807-4B34-8007-EF4ADDEE37C6,12-09-14 9:15
13098,13576,NA,1,AW00013098,57F99EAF-DB0A-4E0D-A8B5-D3B7A91CF86F,12-09-14 9:15
17671,19478,NA,4,AW00017671,904C142D-C4BB-422D-B4F8-AD7E65C35CAD,12-09-14 9:15
15721,4862,NA,9,AW00015721,70F30A41-3DE9-4EE8-B806-77780C8BD088,12-09-14 9:15
25441,2408,NA,4,AW00025441,8FDA2E80-FD9A-449B-B86B-09B744FB71D9,12-09-14 9:15
30118,1993,1994,3,AW00030118,2495B4EB-FE8B-459E-A1B6-DBA25C04E626,12-09-14 9:15
15022,6142,NA,9,AW00015022,15734437-4E1B-4E21-AB0B-57C500654850,12-09-14 9:15
19759,2870,NA,4,AW00019759,C1C6C210-3ED8-439E-8E0E-567C0C56DD72,12-09-14 9:15
29014,6550,NA,1,AW00029014,7FC54BB5-257F-41E5-B686-A378859AD640,12-09-14 9:15
21031,8874,NA,7,AW00021031,0AFF4536-560F-4EE6-872D-F0B8AADE6F4F,12-09-14 9:15
22782,12941,NA,4,AW00022782,0CA4E6C2-BCAB-4584-86D2-1C1D0C59FCEC,12-09-14 9:15
26155,20324,NA,9,AW00026155,22BCC098-DBAA-40B8-8E21-0C9B671343D4,12-09-14 9:15
16406,12946,NA,10,AW00016406,2D9F9A29-CCF8-4C56-A0D5-DB92BD87215C,12-09-14 9:15
15434,18002,NA,9,AW00015434,F721CC54-DF09-43F5-99D7-75459977A21D,12-09-14 9:15
19273,2725,NA,7,AW00019273,0A678DB6-88A9-4BC1-9F40-B6C21734B6D4,12-09-14 9:15
28201,18579,NA,9,AW00028201,E3F645C6-0C62-49DD-853B-BA66CC95AF30,12-09-14 9:15
15789,1736,NA,9,AW00015789,68D6830B-B418-4865-A20F-E71EB2E43C8A,12-09-14 9:15
14289,12110,NA,4,AW00014289,FF82FC46-B231-4E24-A301-E6E8AD543954,12-09-14 9:15
17627,17888,NA,10,AW00017627,9B2F2CD4-8ABC-4D4F-9966-342658635E34,12-09-14 9:15
22862,19113,NA,4,AW00022862,BD1828D1-00D5-4184-82F1-500039C73D9D,12-09-14 9:15
26951,4760,NA,8,AW00026951,CFD66364-1614-46C1-9332-34A074114F02,12-09-14 9:15
243,NA,1954,5,AW00000243,62F14FDC-02DA-47EC-A1AF-5B95E963A14B,12-09-14 9:15
14133,17001,NA,9,AW00014133,011ED5BC-73DC-424D-ACF2-2370CB37511A,12-09-14 9:15
14100,11999,NA,9,AW00014100,8CC10BA6-7D32-43D1-850C-F6F99E95181D,12-09-14 9:15
21002,9970,NA,9,AW00021002,F546EB1B-F1A2-4A26-B437-B0E65A0BBB36,12-09-14 9:15
29869,1141,1142,7,AW00029869,DA423652-2D70-4F4D-B655-62E934915560,12-09-14 9:15
24743,20293,NA,1,AW00024743,B1484352-1DFD-4DDF-814E-D416FCB5214B,12-09-14 9:15
12302,5794,NA,8,AW00012302,9896CF9B-D4A8-4C98-8DEC-F05FCA445354,12-09-14 9:15
27116,7677,NA,1,AW00027116,5EFA84AA-CA5B-4D5D-85A3-FFA74E0D06CD,12-09-14 9:15
17087,18389,NA,10,AW00017087,BD88FF9E-3E28-40A5-AFFF-C53FFD0078B6,12-09-14 9:15
14803,18594,NA,8,AW00014803,4AAD7E76-C0BF-4041-A667-1EB4DD168B53,12-09-14 9:15
24702,10567,NA,10,AW00024702,2DD36933-5512-49F9-B06B-0568D6448CFB,12-09-14 9:15
26330,13856,NA,1,AW00026330,1D5B1AE3-C8FA-4985-A54F-A0E81F4ABE4C,12-09-14 9:15
28095,2752,NA,1,AW00028095,A17449BC-B801-47EB-ABFD-41B0AA6223F3,12-09-14 9:15
16236,19010,NA,1,AW00016236,F44BD7CE-FCEC-40F2-B52F-D60E7FB46CA1,12-09-14 9:15
18221,15685,NA,9,AW00018221,384D43E8-9D5C-4A6E-92F3-A36AA5CBDFC5,12-09-14 9:15
19630,4711,NA,9,AW00019630,6DA22778-CD41-4EA2-A686-CDB7AFA91C1E,12-09-14 9:15
459,NA,922,5,AW00000459,D587C243-7E07-4D4A-AFF5-2BB7EB47046B,12-09-14 9:15
15978,4410,NA,1,AW00015978,37EB1531-F251-44BD-B9A8-B74BD60166AA,12-09-14 9:15
17818,5312,NA,8,AW00017818,C13A6D09-BDDF-494F-B6A9-11E69C54244B,12-09-14 9:15
25888,9326,NA,1,AW00025888,4D3956C9-8ECF-487D-8D0A-BBF464D95537,12-09-14 9:15
27138,18983,NA,7,AW00027138,9A598141-0706-4A6A-8573-31EB4D5B1F96,12-09-14 9:15
26611,12709,NA,4,AW00026611,53F5EF70-D722-4BDC-89DE-091504D490CB,12-09-14 9:15
11172,10282,NA,1,AW00011172,E78EA518-D4A9-4A51-9223-204103F7B4E1,12-09-14 9:15
28622,20352,NA,4,AW00028622,37D2C85F-F155-4AD2-B8B8-9AFC01A6D8D0,12-09-14 9:15
18164,11938,NA,8,AW00018164,7A88AAAC-A2E6-4123-8276-A3B2ADAD6EFE,12-09-14 9:15
13080,16252,NA,9,AW00013080,3CC907B3-2BF2-464D-A3AD-F87F1E2AAFF6,12-09-14 9:15
29148,8779,NA,4,AW00029148,20CB9682-DC32-4617-B10D-DB1FB76A8D3F,12-09-14 9:15
25324,17287,NA,10,AW00025324,5D58384C-EC51-45FC-B51A-3664895A3279,12-09-14 9:15
23706,8942,NA,1,AW00023706,678D5A51-DEEC-4AB1-B382-19CE532B3E12,12-09-14 9:15
12591,10592,NA,8,AW00012591,6284F2B6-49AC-40EC-A9DB-08A12E7B91BB,12-09-14 9:15
18230,19251,NA,4,AW00018230,C05B5ED8-648A-40A8-A0B6-BA9F07287A73,12-09-14 9:15
21895,9860,NA,9,AW00021895,6BB8FE06-4E55-4D4B-B795-E13C6DD8F844,12-09-14 9:15
16548,10254,NA,7,AW00016548,5F6AD768-552C-4BA8-B8A4-E614FEB9C9C0,12-09-14 9:15
13505,2468,NA,10,AW00013505,FD35B40F-C984-4B04-876D-508B1F165B93,12-09-14 9:15
26809,20346,NA,4,AW00026809,0D0B7E80-9DFB-4A3E-9814-824185A5F614,12-09-14 9:15
13351,8535,NA,1,AW00013351,F42D25E5-4DDA-46B7-936A-B2197F78639C,12-09-14 9:15
18272,5920,NA,9,AW00018272,D0CD6DD2-3E38-400A-9EC9-2C6F950556D6,12-09-14 9:15
24604,4403,NA,9,AW00024604,01BFD5A9-C38E-4262-86EC-AE906159468E,12-09-14 9:15
26925,8242,NA,7,AW00026925,7E87F90D-932A-430F-A599-CF820F7F48B2,12-09-14 9:15
22696,10562,NA,7,AW00022696,185B90F6-8638-4BAC-9827-B3E2A2759C44,12-09-14 9:15
29574,505,506,4,AW00029574,B4A76396-2351-4B5B-8FEE-18F97D6FE030,12-09-14 9:15
17713,18120,NA,7,AW00017713,187EB4B5-B866-40BA-B290-807052D515BA,12-09-14 9:15
14110,12964,NA,6,AW00014110,D79FFEE4-6B58-469E-B410-7C6EB5E09E3B,12-09-14 9:15
15454,13863,NA,8,AW00015454,D59AB45E-5D6B-4C84-89CB-DB09845A607A,12-09-14 9:15
26622,8557,NA,1,AW00026622,8A3D2DD0-E649-4846-8D87-6765D2F63E95,12-09-14 9:15
21452,15184,NA,1,AW00021452,2988A9CE-D02E-4CD1-97C9-930EBD4E8F5A,12-09-14 9:15
29588,535,536,1,AW00029588,DEB25F8C-1D9F-442A-B686-6A505DE0C1BF,12-09-14 9:15
30007,1443,1444,6,AW00030007,326589DF-6F6C-4F62-8332-554288779009,12-09-14 9:15
16346,15698,NA,9,AW00016346,ECF566D2-253A-4888-8B61-F7F05B7A6866,12-09-14 9:15
24143,4047,NA,8,AW00024143,D197D249-5002-488C-895B-A7DDB5871B0C,12-09-14 9:15
14126,2745,NA,9,AW00014126,E3DB7F97-0ECE-4A4A-97CE-CE9F58D481D9,12-09-14 9:15
25545,7550,NA,10,AW00025545,28CBBEC1-20D5-4EA9-BE5E-2AFAF93636A2,12-09-14 9:15
13860,19332,NA,6,AW00013860,BB3C64B7-1B3B-479C-AE92-E8FB275B3F8D,12-09-14 9:15
14602,7970,NA,4,AW00014602,8BB6C6CD-5178-4C0D-ADD5-126DD57B5375,12-09-14 9:15
22415,9649,NA,8,AW00022415,F6D07587-A786-4341-AE8A-84C283D4A997,12-09-14 9:15
17480,4269,NA,4,AW00017480,064AF7ED-5B8E-498D-89F2-A88F0995B586,12-09-14 9:15
25581,12732,NA,8,AW00025581,31FD1016-62A1-464A-9522-CF1E040553FC,12-09-14 9:15
17799,12507,NA,8,AW00017799,0F4DB9E6-B8C6-47FD-90DB-B34F99D9382E,12-09-14 9:15
24175,12418,NA,9,AW00024175,8B154FFF-C889-4440-8398-3F74FFBAB9BF,12-09-14 9:15
17314,2433,NA,9,AW00017314,51962102-83E2-45F5-AE99-C07F04665E40,12-09-14 9:15
25395,7787,NA,1,AW00025395,9F7ECD8A-67E3-484D-8BE0-B779B4E7C4B3,12-09-14 9:15
22369,13072,NA,4,AW00022369,48D5AF9B-6B86-447A-9894-C89053FC3AF1,12-09-14 9:15
14473,4112,NA,4,AW00014473,1D20BEF8-1FA1-45E4-AE18-0519E53354F0,12-09-14 9:15
11050,17337,NA,9,AW00011050,0CC04139-C798-44E8-8925-68AAA2EB6BCF,12-09-14 9:15
22574,18178,NA,9,AW00022574,F63C844A-E149-4509-AE1A-D67BA8449563,12-09-14 9:15
28543,13241,NA,8,AW00028543,4485F9B3-63FC-4DA0-8D14-B8D39D4D2833,12-09-14 9:15
15310,2989,NA,6,AW00015310,657B9CD4-FB01-4FE2-BE9B-1D366DE15D70,12-09-14 9:15
28906,6526,NA,7,AW00028906,67759B58-F952-4384-A38D-EB463C512800,12-09-14 9:15
273,NA,1934,4,AW00000273,736DA014-1371-40B2-A401-5BD3267A1E8B,12-09-14 9:15
22653,10013,NA,10,AW00022653,99128B08-B02A-46C0-878F-54A2EADD864D,12-09-14 9:15
25550,14218,NA,8,AW00025550,FEE0C4A2-BE51-4582-AB8C-E3AFDC21B88B,12-09-14 9:15
24077,17196,NA,8,AW00024077,9525E986-6074-492D-AAF2-8CF0BAF5E63D,12-09-14 9:15
27726,10874,NA,4,AW00027726,8F1F9BCC-F6BF-4A94-B0C9-8A6B7F0039A7,12-09-14 9:15
12379,8590,NA,8,AW00012379,8CCCB297-B980-42CD-8B66-D879B2C76788,12-09-14 9:15
29619,603,604,2,AW00029619,F31ACC7A-52DF-456E-A5CD-63858F724AEC,12-09-14 9:15
23913,8434,NA,7,AW00023913,A4569576-6AAF-438F-975F-807667216834,12-09-14 9:15
26997,20639,NA,8,AW00026997,3AFB9D32-FD62-48DA-BDB2-73BF0ABF2E01,12-09-14 9:15
17224,5731,NA,8,AW00017224,9AC00B67-1030-494E-AFCF-631B494A4B83,12-09-14 9:15
12349,12420,NA,9,AW00012349,30810877-B154-48DA-A1F6-7FA5EDE5FDA2,12-09-14 9:15
18155,8708,NA,10,AW00018155,5A085890-9764-4515-A46E-CAF5695A190F,12-09-14 9:15
20887,6009,NA,7,AW00020887,6F5B8831-0ECD-4BE5-8EBB-B3BB8BCD6BE0,12-09-14 9:15
23369,20733,NA,4,AW00023369,DC812F95-D6AE-41CF-88C0-A6F86D568DEF,12-09-14 9:15
18428,12749,NA,1,AW00018428,C1486831-238D-4AD5-BB91-BED715820815,12-09-14 9:15
11405,3725,NA,8,AW00011405,3CDE0377-6454-49DE-AD14-D3920AE33307,12-09-14 9:15
18216,17741,NA,9,AW00018216,561B7599-D346-4167-8FB8-7BF47F1379BA,12-09-14 9:15
21410,5311,NA,1,AW00021410,B1FA3092-4A5B-4DD1-96CF-7537E64BDD3D,12-09-14 9:15
29721,825,826,5,AW00029721,29766DB1-461F-48C9-804E-9E537E234557,12-09-14 9:15
13566,1727,NA,8,AW00013566,7B24B689-97BE-467F-B38D-FDD33303699F,12-09-14 9:15
20765,3798,NA,4,AW00020765,DA3DB0E9-B5D9-4A96-A91D-DF5FFF3912BA,12-09-14 9:15
27410,19257,NA,4,AW00027410,DB0EA8ED-FDF3-4E65-87E8-6C42A3665836,12-09-14 9:15
469,NA,870,1,AW00000469,F9EEC39E-A3A3-41AB-8ABD-1AB31C0B729B,12-09-14 9:15
26599,9116,NA,4,AW00026599,7EEA6D43-CF9E-4D43-BED3-56E65E522907,12-09-14 9:15
24582,10042,NA,10,AW00024582,C6E7B61A-E03F-4765-9FF7-980AA5EEF6A0,12-09-14 9:15
17196,19438,NA,7,AW00017196,C397131A-F8EE-4F93-89BD-58DEE8A862BE,12-09-14 9:15
21929,20621,NA,4,AW00021929,000F058F-7B32-427E-866B-A0D4D3385AC8,12-09-14 9:15
23058,8916,NA,4,AW00023058,F9AB7115-0D14-4EC4-983A-7588CD891C47,12-09-14 9:15
13801,12333,NA,7,AW00013801,222BF8DD-B6D5-4189-A272-7073E87A39B1,12-09-14 9:15
19578,2718,NA,9,AW00019578,5334E91B-26D9-4595-896B-8F9927D730CF,12-09-14 9:15
21199,3281,NA,9,AW00021199,F7DD33B2-9C58-473D-BCB5-283D0BC84B55,12-09-14 9:15
18778,13565,NA,4,AW00018778,16863DD2-0153-4AE5-9385-8D4B271B13C0,12-09-14 9:15
29735,853,854,7,AW00029735,338F2952-B8B1-4274-B743-6B2287CDBB59,12-09-14 9:15
14438,3357,NA,1,AW00014438,78C1C6EB-9D02-4AF8-B293-684F8F7966E2,12-09-14 9:15
11102,9866,NA,9,AW00011102,2D193429-E624-49BC-95A2-CADE7EFF6A59,12-09-14 9:15
18548,5146,NA,4,AW00018548,024FFB69-6793-465F-BFD6-A2BBFD039FD6,12-09-14 9:15
19004,15404,NA,4,AW00019004,E89A3AED-36A7-41E1-B0E6-20C55CDE0F81,12-09-14 9:15
17237,8556,NA,9,AW00017237,E70255BB-52D2-4F1C-87C9-97AE0F98B623,12-09-14 9:15
25535,18481,NA,7,AW00025535,6C5C7BF6-B411-4240-A482-E4D5A5692FE6,12-09-14 9:15
13671,18351,NA,8,AW00013671,5A5823AF-D401-4718-B992-4C52E565B1AB,12-09-14 9:15
26795,5379,NA,9,AW00026795,E45D4D59-C943-471D-9817-337301A3016C,12-09-14 9:15
25823,9436,NA,9,AW00025823,E9DC9521-457B-49D5-8F82-B54965975807,12-09-14 9:15
29941,1301,1302,10,AW00029941,580D71E8-A211-4876-9C03-8EDC7D65F050,12-09-14 9:15
16570,19937,NA,7,AW00016570,C9E348CB-A97F-4499-BA88-93373AE1B5DF,12-09-14 9:15
26921,19726,NA,9,AW00026921,8ED197EF-1554-4AF4-8EF3-B250C3827851,12-09-14 9:15
29734,851,852,6,AW00029734,789F3CEE-056D-48CB-8805-1F69B61D020F,12-09-14 9:15
11505,19853,NA,6,AW00011505,8FA21A12-BE74-404D-AF0B-CFDF14309CE9,12-09-14 9:15
22483,14421,NA,7,AW00022483,2DB07A1F-0E5D-40F4-B108-B93F29A0CD26,12-09-14 9:15
28495,9235,NA,7,AW00028495,E7944FE5-DA02-4A8A-AB5E-C53B7AE98B59,12-09-14 9:15
259,NA,1134,4,AW00000259,2C3F7A56-819C-4E83-B791-3CE02366D3CF,12-09-14 9:15
18416,19516,NA,1,AW00018416,0C27F07D-943B-457F-AD9C-5F2D5426F723,12-09-14 9:15
12034,13335,NA,9,AW00012034,045CD9A9-03DF-41E3-8101-84366D7F91AB,12-09-14 9:15
28143,16250,NA,1,AW00028143,6F5A6A5D-3709-4F99-8A2C-D90EC26DDC8E,12-09-14 9:15
11635,8357,NA,4,AW00011635,8453AE6E-5748-47A4-96E0-2685F27CC95D,12-09-14 9:15
27369,15549,NA,9,AW00027369,1CF3CC31-82F0-49AB-A1D8-7051874492DA,12-09-14 9:15
22765,15760,NA,6,AW00022765,9E9E0D54-C89E-4A86-A91E-77CB246AABED,12-09-14 9:15
24189,16038,NA,10,AW00024189,42A8EBA3-CF1F-433F-9063-0B980A40C3A8,12-09-14 9:15
18737,15573,NA,9,AW00018737,F2DAE573-C0ED-4D87-BC41-9ECB204FFF8D,12-09-14 9:15
21921,4289,NA,6,AW00021921,A89F7CD1-7170-46F2-9AEE-DEF20E2296D2,12-09-14 9:15
20872,6728,NA,10,AW00020872,7F42DB66-CE7E-4E7D-B91F-B0676B1C936C,12-09-14 9:15
21200,16648,NA,9,AW00021200,AA274453-EB63-40B6-8E2E-62084FC1CE08,12-09-14 9:15
27672,18037,NA,6,AW00027672,47E5E317-79E8-40B0-94D3-A546191A9B34,12-09-14 9:15
17429,3812,NA,1,AW00017429,EFB19B7E-43FE-4261-92F5-2519BEF3CBC0,12-09-14 9:15
20603,15975,NA,9,AW00020603,117EEBC1-0373-408A-9EC4-605D67E23F5D,12-09-14 9:15
26151,17602,NA,9,AW00026151,5A5FC861-9D3E-4B34-A199-4DE8F9D17E04,12-09-14 9:15
13276,12458,NA,1,AW00013276,2D694EF4-A653-4D48-A1B9-815E6D5847DE,12-09-14 9:15
24706,7610,NA,8,AW00024706,33369152-D796-479C-8B12-7C1032D16638,12-09-14 9:15
12069,14197,NA,4,AW00012069,258394FC-5D9D-4D2C-9967-F1B302080033,12-09-14 9:15
13288,16588,NA,4,AW00013288,574E200D-4ADB-48D4-8102-72663634EDB7,12-09-14 9:15
19233,12755,NA,4,AW00019233,21B73038-49DC-4A9B-B525-29439E967D82,12-09-14 9:15
13553,3511,NA,10,AW00013553,F3D8C6AF-DB9E-462B-B015-AC7B255067F0,12-09-14 9:15
27705,13306,NA,9,AW00027705,827DBC93-9D36-4496-88AA-56020A680C6B,12-09-14 9:15
18515,3345,NA,1,AW00018515,847B3A4A-423D-46C1-9615-17259984CA61,12-09-14 9:15
23491,4077,NA,1,AW00023491,077EBE3A-7FF4-458B-B65D-293F2AA50D3C,12-09-14 9:15
16891,2751,NA,4,AW00016891,736474BA-CCD3-4101-A23B-82A386666D86,12-09-14 9:15
26000,16504,NA,4,AW00026000,7E785914-BA8D-4E62-BB5E-7C43DC9D73E4,12-09-14 9:15
17311,9134,NA,9,AW00017311,07996CEE-F662-404A-ABE7-EED8EA129BC1,12-09-14 9:15
21916,15656,NA,6,AW00021916,738D1847-1DE2-4547-86AC-5F3C55223A82,12-09-14 9:15
15122,17950,NA,9,AW00015122,2B2079C9-95AD-4906-B4DD-7AD34A2ECBD0,12-09-14 9:15
17742,14967,NA,8,AW00017742,ECA57CA3-08D7-49B4-A7B5-EBA3F183890F,12-09-14 9:15
16653,9647,NA,1,AW00016653,7C1DC26D-397F-4D70-8324-79CE6CF2B9AD,12-09-14 9:15
18903,13065,NA,9,AW00018903,A46096A9-F00C-496D-8BD1-CA3A21426685,12-09-14 9:15
24314,14863,NA,4,AW00024314,DD81D0D6-D861-43C7-8BA7-3E96BC58AD5C,12-09-14 9:15
27146,14747,NA,9,AW00027146,E32F20D6-FCB1-446A-BEAF-9984060997F1,12-09-14 9:15
17820,19481,NA,10,AW00017820,9C7BE634-21B0-44DB-B244-58F77109E43C,12-09-14 9:15
27502,18515,NA,6,AW00027502,177362EF-D788-43AD-9C20-37A4C8B4FDB6,12-09-14 9:15
21749,12409,NA,4,AW00021749,3D2F0BBC-E20F-4D14-962A-D7C1C73335E1,12-09-14 9:15
27114,18305,NA,4,AW00027114,02424AA4-92B2-46D8-A5E1-36EF273AA1A3,12-09-14 9:15
18806,20584,NA,1,AW00018806,AD523978-DAC1-472B-8A08-D4E43A5FE0BA,12-09-14 9:15
24238,14706,NA,4,AW00024238,F6BE5117-4AE9-4042-855B-CEB1DCC0771A,12-09-14 9:15
18523,6008,NA,6,AW00018523,39E67717-47A2-4AEE-A195-30AB41ED9A39,12-09-14 9:15
24852,7564,NA,10,AW00024852,0D16AA69-8537-4DD0-94EC-BFA15C6CA37F,12-09-14 9:15
18247,4675,NA,9,AW00018247,E6019B67-FBBB-4782-BF9A-1AEB74938AF6,12-09-14 9:15
30075,1897,1898,5,AW00030075,B0746FA5-ABA5-45BE-B13B-146ADC8C8D6F,12-09-14 9:15
29324,11943,NA,1,AW00029324,BAFB76A7-0ADA-4FF4-9CD3-49895D375DD5,12-09-14 9:15
11416,16361,NA,7,AW00011416,BAAE262C-317B-4356-93C1-F4DBEB26ACBD,12-09-14 9:15
22203,11979,NA,9,AW00022203,F6C90A79-7A8B-41E3-B875-9046299EC27F,12-09-14 9:15
24755,16554,NA,6,AW00024755,9502EAE3-347C-40B6-A045-83A03347BA1C,12-09-14 9:15
16413,10378,NA,8,AW00016413,5F40E03A-F7FC-47A9-A1D9-8FFBC20F8E14,12-09-14 9:15
29954,1329,1330,4,AW00029954,D0E449EF-513F-4264-B2A6-25D67CADFEB6,12-09-14 9:15
20367,12096,NA,4,AW00020367,9A1A2FCE-4002-45A9-B30B-CC8A50919B22,12-09-14 9:15
12294,19365,NA,10,AW00012294,64394F9A-CEFC-4770-9C9D-D1DECD7771CB,12-09-14 9:15
21053,14666,NA,10,AW00021053,2451F26A-E22F-44D8-A882-980F62A6AD9D,12-09-14 9:15
24841,5077,NA,7,AW00024841,100796F7-E3DE-4239-A48D-E21236E39B3E,12-09-14 9:15
23223,14827,NA,10,AW00023223,7AF0BC74-E474-41B8-9A09-85D1A1AE1899,12-09-14 9:15
15263,7777,NA,9,AW00015263,44155F4B-E4F0-4CEB-B375-9E21CCA58532,12-09-14 9:15
25114,20040,NA,9,AW00025114,38DF5611-CC4F-4E07-8FD0-C4AF5A53A936,12-09-14 9:15
11056,8428,NA,9,AW00011056,B1D5E176-89A5-4BD9-AB70-7383F59942F6,12-09-14 9:15
23653,4991,NA,9,AW00023653,8F8270C8-DE3E-462F-9BCC-D01BEFEC6555,12-09-14 9:15
13169,5565,NA,1,AW00013169,BC0E6E96-A828-48FE-8DBA-605399811279,12-09-14 9:15
17001,12419,NA,1,AW00017001,F86AFBB1-B373-4413-A968-76D759A1D3BE,12-09-14 9:15
29663,701,702,3,AW00029663,E7DA5DB3-117A-49F9-A4C7-4D24D1FB75BF,12-09-14 9:15
25471,13141,NA,7,AW00025471,B25A8AEE-DC21-4F09-BA2D-065239A4CA10,12-09-14 9:15
11637,10425,NA,4,AW00011637,B2300A81-8746-4643-9DB0-0D49FA9FD001,12-09-14 9:15
15081,5942,NA,10,AW00015081,811AC774-8B0A-4072-847F-4D3C67A73A3A,12-09-14 9:15
19405,12032,NA,1,AW00019405,EA631FEF-67AB-4184-A742-7272057AD0DB,12-09-14 9:15
13834,17581,NA,7,AW00013834,15075D26-AEA7-4AEE-8391-3DD2C0106C9C,12-09-14 9:15
23141,2968,NA,1,AW00023141,4CE7F6AE-B870-4AF8-89BF-EC29B375E9E4,12-09-14 9:15
22503,17660,NA,10,AW00022503,60DC53C7-F909-4439-8E2C-85CDDBCEC8FF,12-09-14 9:15
21391,12206,NA,9,AW00021391,6C6CAA4D-33CA-4061-9381-D36A4858889B,12-09-14 9:15
26497,20550,NA,1,AW00026497,57E0CE54-78A2-4BA5-9C34-6E1C84394607,12-09-14 9:15
21787,10927,NA,4,AW00021787,2A433897-AF21-48E3-8436-EDA9901D9143,12-09-14 9:15
27892,2633,NA,10,AW00027892,9FA799FA-F1A2-4C5C-AB64-1B1D0B9E22CD,12-09-14 9:15
17766,5416,NA,7,AW00017766,036E77BA-B87B-4359-84C8-FA9E9B5CFC6E,12-09-14 9:15
28328,16713,NA,9,AW00028328,C4BFC00E-6485-4C79-8692-BC97B25083D0,12-09-14 9:15
29975,1375,1376,4,AW00029975,77083660-DDC4-4F13-877D-9E49E0854079,12-09-14 9:15
27785,15021,NA,10,AW00027785,58D9E06F-4E5B-4FFC-9411-DCF28388D0AB,12-09-14 9:15
11526,2988,NA,6,AW00011526,226BB60C-9467-4E69-8E28-A3503C173EC5,12-09-14 9:15
21673,18390,NA,7,AW00021673,1D441817-51FF-4FCB-8F27-B2CE3AFD7F6C,12-09-14 9:15
21807,9720,NA,4,AW00021807,C6A45AD3-1016-448E-8251-396A442D1B5B,12-09-14 9:15
15732,17668,NA,9,AW00015732,7E517C2E-FE97-4533-B699-EB5CC47248A4,12-09-14 9:15
29646,661,662,4,AW00029646,F21027CE-0506-4EB6-98D6-6D4E08F7087E,12-09-14 9:15
19712,16110,NA,1,AW00019712,7BBED366-ABFF-4E5E-AEA9-99D997177650,12-09-14 9:15
13230,20321,NA,1,AW00013230,65A0C727-049D-487E-8192-5F1905ED68B8,12-09-14 9:15
29997,1423,1424,1,AW00029997,DDBC698B-E010-4CF0-8DF6-E7062A29D4EA,12-09-14 9:15
27613,7114,NA,6,AW00027613,B6360DB0-9669-4C01-86E0-E3CE926FDF9A,12-09-14 9:15
14224,11881,NA,9,AW00014224,710A1103-F083-4D39-9337-510408ACC1F4,12-09-14 9:15
20797,12197,NA,7,AW00020797,25DF878D-DCD9-4D4E-B229-8649BC1477B4,12-09-14 9:15
26059,18885,NA,4,AW00026059,364E5E11-EF56-4F64-9B7C-CFAA1E5B9BD6,12-09-14 9:15
24876,2926,NA,8,AW00024876,DD1240AE-6C2B-473C-99A6-E8AB2B615B14,12-09-14 9:15
14810,16880,NA,7,AW00014810,84B18A06-9156-4417-BF22-96BB20466535,12-09-14 9:15
20104,13042,NA,6,AW00020104,E0DC4170-A506-4935-917F-E0438762A033,12-09-14 9:15
23950,13238,NA,7,AW00023950,250215E5-02AB-44D1-8455-A18E04D8FBBC,12-09-14 9:15
23436,14019,NA,9,AW00023436,297BE47B-11C0-4E3C-8E2F-734A2E5150FC,12-09-14 9:15
26041,16487,NA,1,AW00026041,C3EF014B-3DA4-441B-AA8F-257AAAC44122,12-09-14 9:15
22296,18159,NA,4,AW00022296,8983F125-051C-4C47-B4BF-0F401B0BB21E,12-09-14 9:15
24538,6126,NA,7,AW00024538,E713D083-DA53-482A-8670-2AD8C95515D7,12-09-14 9:15
26341,11762,NA,1,AW00026341,5F665955-8E3C-4CB8-AD85-3DFB270F27FE,12-09-14 9:15
27555,2658,NA,4,AW00027555,71BA2D70-C448-4338-9192-497BBE1B1808,12-09-14 9:15
14054,7735,NA,9,AW00014054,ABB8DD64-D90B-4C81-9057-1E17F1276A41,12-09-14 9:15
19105,18617,NA,9,AW00019105,D278FE81-CC1E-4ABA-B88C-9566335BFAA0,12-09-14 9:15
27437,9105,NA,6,AW00027437,EB074563-7F55-4B11-BFD9-D0547996346D,12-09-14 9:15
14442,8203,NA,4,AW00014442,10847F45-245B-4192-8D52-4285F4E4C0C1,12-09-14 9:15
12828,9719,NA,8,AW00012828,F2BAE7AB-B9B8-4D09-8781-7E4A3EC3A0B5,12-09-14 9:15
16012,19604,NA,6,AW00016012,4411C18F-7AC8-4FC7-B6F4-271B9E5608D3,12-09-14 9:15
27717,9688,NA,9,AW00027717,080854DD-0F51-4838-80D7-E5570F9330F0,12-09-14 9:15
16294,6541,NA,10,AW00016294,FD7325B3-1CF5-446A-8EF1-61A0FDFAB971,12-09-14 9:15
25356,17622,NA,1,AW00025356,21ADDC95-F40C-4053-86F9-F6EB522B0F6C,12-09-14 9:15
14136,13068,NA,7,AW00014136,45D4F491-C9D0-47C9-920F-A0B299F57365,12-09-14 9:15
28789,5916,NA,4,AW00028789,24E97E3D-ECAE-4915-A46A-CBD7447215CE,12-09-14 9:15
28625,6474,NA,1,AW00028625,44D6CC1C-59B8-4039-AC94-27EF926AE52E,12-09-14 9:15
26118,12590,NA,4,AW00026118,5DDC74CA-14AC-46DF-A838-042184457B90,12-09-14 9:15
20846,14405,NA,7,AW00020846,2493B377-7E83-4D0B-AC17-ABAB7DECFAEA,12-09-14 9:15
15258,20238,NA,1,AW00015258,842F9E81-C679-46B3-B9DE-F6FA5FFE1038,12-09-14 9:15
24639,4700,NA,6,AW00024639,8BC394FC-778C-4013-B8BB-C8DCC92C1A63,12-09-14 9:15
28256,13510,NA,1,AW00028256,12C6BCDE-22A6-4C1F-9E98-E3516C8A19D6,12-09-14 9:15
22132,15512,NA,4,AW00022132,C24F4AE5-BF45-4C77-B576-E385B6CDDEBF,12-09-14 9:15
11043,5960,NA,4,AW00011043,8AC7779C-C7DA-4E4A-8F56-24282EAA2C6A,12-09-14 9:15
27993,17898,NA,4,AW00027993,C5D45F5F-90B8-4DC6-A626-DE5A76B13302,12-09-14 9:15
13118,2838,NA,9,AW00013118,B824C6F7-FE31-4F7F-9416-A9DC06933B9E,12-09-14 9:15
23060,2561,NA,4,AW00023060,8A59E126-49AF-4C18-8DB2-EB9FEDE71AB0,12-09-14 9:15
26833,2977,NA,10,AW00026833,EDDE57C6-57B3-43E0-9B3E-B0F796A9B905,12-09-14 9:15
25921,13495,NA,9,AW00025921,15EBDD79-CE33-4741-A8B2-C11230B36483,12-09-14 9:15
20356,13041,NA,1,AW00020356,6AB070B3-66A0-43DB-B81D-E24EE49A05B9,12-09-14 9:15
26458,17992,NA,4,AW00026458,41BF9601-38C1-4948-8600-0F479B569F27,12-09-14 9:15
24370,5954,NA,9,AW00024370,F64CD6AD-63B6-4B35-9E37-189D3A8F3B6A,12-09-14 9:15
12255,12931,NA,7,AW00012255,95AD6221-4030-4B30-9357-20F3AC6D73F0,12-09-14 9:15
24268,10652,NA,9,AW00024268,AC967489-1D4E-4210-9764-DCC370D8EDC0,12-09-14 9:15
26596,13230,NA,4,AW00026596,2010361B-6E59-49D0-A402-61F1929AD071,12-09-14 9:15
13357,13611,NA,4,AW00013357,B1A2A74E-96FB-4818-A64B-BCF5250A123D,12-09-14 9:15
14003,14529,NA,1,AW00014003,45810EB3-E260-42A3-90D8-6A91118314E2,12-09-14 9:15
13236,6176,NA,4,AW00013236,379CBDD7-D869-4CDD-ADC0-5E7E7CCEFBD3,12-09-14 9:15
14549,10670,NA,8,AW00014549,515F1CA5-BB4D-4EAD-9D4C-7BD1FF686057,12-09-14 9:15
17377,7469,NA,1,AW00017377,EA075B8B-F28B-4589-AF1E-9A5325A11080,12-09-14 9:15
17070,17703,NA,9,AW00017070,7688BE3F-2AE7-4D6D-BEDB-9E73CF78CB94,12-09-14 9:15
14277,16881,NA,9,AW00014277,08AB0967-BEE2-46CD-B993-9E02AE9D5979,12-09-14 9:15
22170,19752,NA,9,AW00022170,33EBF940-B2A1-4DCD-93B2-9524E9B546C1,12-09-14 9:15
13232,10320,NA,1,AW00013232,DBEFAF75-5C40-4464-BC76-E14EAAB9FEE4,12-09-14 9:15
18096,7981,NA,4,AW00018096,F131C7D9-1257-405E-BFB9-74B60F0B097E,12-09-14 9:15
28658,19803,NA,4,AW00028658,8F9F0720-D9D3-4FD1-9429-FE170D1F59F4,12-09-14 9:15
20202,10702,NA,6,AW00020202,10A49912-7D31-42DD-9B2D-AEAA3A257B82,12-09-14 9:15
20821,6614,NA,9,AW00020821,7ABB02F8-E4FF-4A75-955F-FFF69A4AA9EC,12-09-14 9:15
24977,10218,NA,6,AW00024977,F36964C6-05AD-4465-9FB3-549D78F9E31F,12-09-14 9:15
19124,15170,NA,4,AW00019124,7705FDDD-8F84-46C6-9A4C-2A77E8BDB5A3,12-09-14 9:15
24502,12938,NA,9,AW00024502,914E0354-AEDE-4A13-A0C9-CB39982CD292,12-09-14 9:15
26752,15993,NA,9,AW00026752,D841FFD1-01C4-4571-956F-BF551B4D2A16,12-09-14 9:15
21612,13163,NA,1,AW00021612,FC210653-9FAB-4C70-A45C-C3DA8F034D1F,12-09-14 9:15
21065,17222,NA,8,AW00021065,535B502F-4D91-457C-BCA2-C76E754126B5,12-09-14 9:15
12491,4414,NA,10,AW00012491,0D7599AA-F18F-45D5-B5C6-CBF61F7E14D5,12-09-14 9:15
16587,18574,NA,8,AW00016587,A0C35B78-51CD-403C-AF53-700AD6CAAD37,12-09-14 9:15
27642,11942,NA,4,AW00027642,949A22DC-F66D-4589-BD81-ADF9D6C2C78B,12-09-14 9:15
485,NA,306,5,AW00000485,EB969756-E3CD-4956-8A65-572A887B1718,12-09-14 9:15
14227,16642,NA,9,AW00014227,C1648578-27C2-4EE0-B06B-3DC6A54C0259,12-09-14 9:15
72,NA,786,2,AW00000072,0DA3081D-FDC7-4005-B77D-E5AFD8C15DE6,12-09-14 9:15
23615,15171,NA,10,AW00023615,375F109C-AF8A-4CC9-A857-20E8310F4234,12-09-14 9:15
20031,14026,NA,4,AW00020031,7815531F-130B-42E7-889E-C35DE48A493F,12-09-14 9:15
17062,11355,NA,9,AW00017062,C0CF41FD-6677-4BC2-B974-3B218D1F35FA,12-09-14 9:15
11686,15699,NA,4,AW00011686,961AA782-6954-4EA2-BFF3-CC19851325F0,12-09-14 9:15
24112,19165,NA,10,AW00024112,89FEA08F-AAD8-43E9-BDEC-2285D0BDDA66,12-09-14 9:15
28298,9338,NA,4,AW00028298,625B52E3-075F-4961-A8E0-1B0B7F079F12,12-09-14 9:15
22709,11867,NA,7,AW00022709,A287CA57-C75D-42B1-BE88-C7211642E922,12-09-14 9:15
17719,17962,NA,7,AW00017719,42B23B8A-15B3-4882-9153-ACBD2FEE7488,12-09-14 9:15
23169,20466,NA,1,AW00023169,4F6797D3-8165-4043-AE4C-CEFAB143F88C,12-09-14 9:15
29300,11005,NA,9,AW00029300,6FBB1C53-1734-4838-9045-0D50F35765D8,12-09-14 9:15
18371,3470,NA,1,AW00018371,3F22D0FF-9683-412C-AB59-2498B4A5973B,12-09-14 9:15
407,NA,380,6,AW00000407,5A2338D1-158F-4386-8C30-EFF2BF990669,12-09-14 9:15
22755,18016,NA,6,AW00022755,41AA7E5E-380D-40FB-8A7E-0E778CC1439A,12-09-14 9:15
26901,13106,NA,10,AW00026901,87462EBB-6DAB-4E6E-B274-BAACC19AA327,12-09-14 9:15
12472,18032,NA,7,AW00012472,D52EEFB7-DEA5-4923-9B02-8CEA63A10F94,12-09-14 9:15
18688,13187,NA,1,AW00018688,36595EE2-1912-4095-A266-85E27C81DD61,12-09-14 9:15
14114,11006,NA,4,AW00014114,89007653-E61A-468A-A573-3F07373C3230,12-09-14 9:15
26741,16609,NA,9,AW00026741,0C0B3BE9-4795-4F77-9C35-FB2CFA57F05F,12-09-14 9:15
28109,5188,NA,9,AW00028109,26F00E84-B636-4201-95D8-3932E5FE5EC6,12-09-14 9:15
20119,16989,NA,1,AW00020119,063D0E0D-E1D1-47C1-8A17-C4D72D14DB47,12-09-14 9:15
21877,7107,NA,9,AW00021877,7913BB06-933A-4001-B86E-D00B1D189251,12-09-14 9:15
11910,12949,NA,9,AW00011910,6D0928D0-A892-4E5F-8ABE-AD160C5B563E,12-09-14 9:15
12675,19595,NA,9,AW00012675,631316CC-3F2A-4A21-8734-1197D5476273,12-09-14 9:15
17720,9780,NA,10,AW00017720,FCB307B7-7364-498F-B053-C1F46A95E345,12-09-14 9:15
26998,13110,NA,8,AW00026998,F8B66D55-2EB1-40AC-80D3-E53453649B44,12-09-14 9:15
21335,7438,NA,1,AW00021335,30BDC03D-DC6F-4A15-A576-75E9F2BC86E0,12-09-14 9:15
19612,6927,NA,9,AW00019612,3DC39DD1-D288-4AFE-AC1B-279A3878E9C2,12-09-14 9:15
17695,6052,NA,4,AW00017695,9EEE4E32-5771-4280-8D65-F45DBC636F1A,12-09-14 9:15
29295,5672,NA,9,AW00029295,F379CB57-961E-427F-BBB6-865D0632FDFB,12-09-14 9:15
23325,20685,NA,9,AW00023325,D5283BCD-3AA2-4F8D-AD11-883EC9E3710F,12-09-14 9:15
16888,7707,NA,4,AW00016888,F9A5332E-B78C-416F-AE29-C17213A03406,12-09-14 9:15
22561,20630,NA,7,AW00022561,131C5355-CC1B-4CAB-AE4B-A04CAFBEB84C,12-09-14 9:15
15073,8639,NA,8,AW00015073,8D7DAD8B-D824-49EF-9869-F5AF83FB786E,12-09-14 9:15
29010,20515,NA,4,AW00029010,8BA3CDA8-63CF-4359-8621-D812CB826863,12-09-14 9:15
29163,15075,NA,1,AW00029163,2B100946-39E3-4ECD-809B-96F424B82631,12-09-14 9:15
15833,10370,NA,9,AW00015833,D5A323A9-695B-48D3-B4E6-CE60A296D426,12-09-14 9:15
19918,14043,NA,10,AW00019918,0CD5EB91-7150-48DC-89B0-F9761DB850C7,12-09-14 9:15
27204,4954,NA,4,AW00027204,B7049711-8FF8-4107-9D95-BD5A7722AF89,12-09-14 9:15
12438,9037,NA,4,AW00012438,79CB9044-4743-4394-9DC0-C7742523F50D,12-09-14 9:15
20320,4568,NA,4,AW00020320,F2CEE186-469E-47F8-8756-4B4D0110081E,12-09-14 9:15
19433,8588,NA,10,AW00019433,B7F293A5-D6C3-4587-A0AF-953111E13676,12-09-14 9:15
16703,16269,NA,9,AW00016703,19500D61-1DD2-463F-BCD5-74092B7E72A1,12-09-14 9:15
21444,4188,NA,4,AW00021444,68262053-E6DD-43D0-9B20-DB767DD4D646,12-09-14 9:15
15561,16959,NA,1,AW00015561,7BB0C33A-087D-42B9-A2DE-5B5572E0E9EE,12-09-14 9:15
23532,19525,NA,9,AW00023532,0EC18E82-7EF8-4BAF-8481-1424EF2F51D8,12-09-14 9:15
25914,13969,NA,1,AW00025914,60324678-51AF-49D4-8143-A8B41A37E184,12-09-14 9:15
26414,20186,NA,8,AW00026414,EA786264-2C42-484E-B079-1CFB002E8EC3,12-09-14 9:15
28254,7950,NA,6,AW00028254,21D4A03F-B12D-4BE0-B959-58372BCBB789,12-09-14 9:15
29633,633,634,2,AW00029633,39E4200E-B6B8-4A7D-9BE7-D786FF611F97,12-09-14 9:15
25374,7441,NA,4,AW00025374,7C731340-D8AD-4D0B-B785-C03E0BD62FE8,12-09-14 9:15
55,NA,1282,1,AW00000055,F5D3997B-AD06-46A0-94AF-A4460F4BE471,12-09-14 9:15
22229,13678,NA,4,AW00022229,B1BA5E9B-193C-4538-AF4F-01D0ABE5BCD4,12-09-14 9:15
22881,3778,NA,6,AW00022881,54A24A01-4550-424E-BEC9-E9C849C69702,12-09-14 9:15
14735,3223,NA,1,AW00014735,66DFE957-E44F-4414-86FE-CB0BDC37B40A,12-09-14 9:15
15969,15083,NA,1,AW00015969,7AD157C7-5095-4620-94C7-01A178CA2E13,12-09-14 9:15
16100,17207,NA,4,AW00016100,7D9F6E7C-2568-4FE2-89AB-18E96CFC6E42,12-09-14 9:15
14802,6011,NA,7,AW00014802,5E65CBEA-8D5A-4CA1-B6D7-A6052CCA1528,12-09-14 9:15
26174,16747,NA,1,AW00026174,FCAA1E6C-7603-40E7-9AE1-D9A36409DAE8,12-09-14 9:15
21837,19175,NA,8,AW00021837,87CDA69E-1601-46D2-AC19-F54C5FE4C472,12-09-14 9:15
646,NA,1374,3,AW00000646,78D632CB-9993-46AC-AA5C-45B2F807F681,12-09-14 9:15
25584,7459,NA,10,AW00025584,7AC6E7D1-43F3-4C8B-8616-06F203982436,12-09-14 9:15
26968,15990,NA,9,AW00026968,516BB55A-C9B3-4335-B9BB-59C0D0192226,12-09-14 9:15
20825,15526,NA,10,AW00020825,68F50E67-957D-42F0-B2E1-AB1D450161A0,12-09-14 9:15
17760,18654,NA,10,AW00017760,1163D074-B5B0-4136-8420-2C328E02CE64,12-09-14 9:15
17583,3070,NA,1,AW00017583,3E7743EF-E08A-4B95-AAF0-07254D3C0C4C,12-09-14 9:15
24137,19994,NA,8,AW00024137,21AFADDC-88C5-4896-88A4-901AABA93753,12-09-14 9:15
21440,14981,NA,4,AW00021440,94738FB5-6910-4D86-BFCE-6E7FDDD188E9,12-09-14 9:15
20460,18127,NA,9,AW00020460,50792354-3498-4BE9-9A25-E9F66BFB72BC,12-09-14 9:15
17373,6567,NA,6,AW00017373,7EAC7D83-6075-42F5-8708-575E13964797,12-09-14 9:15
12779,15363,NA,1,AW00012779,FB2C4193-21F9-48B0-ABF4-80204B9887DA,12-09-14 9:15
17733,6635,NA,9,AW00017733,6BF5FE30-BFEF-42BA-BE47-F51B9A0F3901,12-09-14 9:15
22925,3481,NA,9,AW00022925,357A9009-ED69-4504-8E37-3A759BFCC892,12-09-14 9:15
16698,5969,NA,9,AW00016698,1CFA6D53-3BA0-43EF-B407-919CA5FA95A0,12-09-14 9:15
13539,13260,NA,10,AW00013539,684E064D-EB48-4D3B-98F1-301EAD411174,12-09-14 9:15
17533,3891,NA,1,AW00017533,51DE8012-8730-411E-99A2-A35898A843BB,12-09-14 9:15
20599,5771,NA,10,AW00020599,6F574620-8461-435A-A7A5-FA2AB2FAC441,12-09-14 9:15
19901,20128,NA,8,AW00019901,281A3992-14DA-461D-BD67-543E5BD72956,12-09-14 9:15
12553,3359,NA,7,AW00012553,7DA168C8-9506-48E7-BB96-E153BD13A4AD,12-09-14 9:15
14478,3967,NA,6,AW00014478,66C954BD-F17B-497C-A22E-75B2F13221DD,12-09-14 9:15
21281,10128,NA,4,AW00021281,A1B91178-39B0-45E5-8170-DF9C65FA6F95,12-09-14 9:15
24072,18177,NA,8,AW00024072,E5319DA9-F2FE-45B6-912A-79465856EA66,12-09-14 9:15
15138,13756,NA,9,AW00015138,56DA8EB5-23D2-45E3-8EAD-7DDC23B3B84B,12-09-14 9:15
12562,19688,NA,7,AW00012562,5616A233-A57A-4C0C-82B7-8F96664AD9EB,12-09-14 9:15
12766,6885,NA,1,AW00012766,3C2C6F23-4353-410F-B5D9-4DC30EE8F85C,12-09-14 9:15
28152,14618,NA,4,AW00028152,46C6384C-81F7-4B50-AD7F-6D0FA447F5AA,12-09-14 9:15
568,NA,1112,6,AW00000568,4CE1F27A-361E-4C9D-9C89-D5E0104EBB96,12-09-14 9:15
15729,3373,NA,9,AW00015729,796882F9-72E3-465E-BC15-5240C10B9548,12-09-14 9:15
24814,5849,NA,1,AW00024814,AD21BAC8-085C-4013-8152-90C53F14C06B,12-09-14 9:15
21885,12812,NA,9,AW00021885,9BE5C2F8-E174-46CD-8D73-3305E6D071D0,12-09-14 9:15
17875,4234,NA,8,AW00017875,E651AFFB-F401-4623-90A9-28D1F3773A6B,12-09-14 9:15
14560,16903,NA,4,AW00014560,ED4E7B22-2EB5-4002-B119-6431891D4258,12-09-14 9:15
27491,9056,NA,9,AW00027491,D7BD40B8-9AC8-47D3-9DD8-07C04505C311,12-09-14 9:15
12071,17259,NA,4,AW00012071,C7EA6AA9-F131-4A5A-A881-E110715BA698,12-09-14 9:15
15522,6514,NA,1,AW00015522,548F2F12-91F4-4C9F-9BEE-614CF742106A,12-09-14 9:15
15151,5119,NA,9,AW00015151,F9F18F88-7474-4859-8444-C6A7F920FD6F,12-09-14 9:15
14539,17862,NA,7,AW00014539,178C9B70-3927-4A9F-9A8C-AEA3858A88A1,12-09-14 9:15
19979,6263,NA,9,AW00019979,2FE2A546-FD6B-42C5-BFF5-144394E77628,12-09-14 9:15
12239,6640,NA,10,AW00012239,7E0C32AA-B140-48C5-B0E1-456046D3873A,12-09-14 9:15
14233,16982,NA,9,AW00014233,18EF56CD-1E43-4F5C-8CB1-873B961042B0,12-09-14 9:15
18436,5078,NA,4,AW00018436,7CC3B6E7-21C4-4747-A556-FA8D8905A40D,12-09-14 9:15
25428,19442,NA,1,AW00025428,29F2646B-A5C4-4A00-98D5-16347C5CBFF1,12-09-14 9:15
27141,8491,NA,10,AW00027141,05EC27B3-7B8D-4281-9A0A-EBD44F621B3B,12-09-14 9:15
23894,14563,NA,1,AW00023894,CBE127CE-C005-4006-A92F-DDCC2F4FD2D4,12-09-14 9:15
29182,18107,NA,9,AW00029182,CE6F5EB5-0C97-4196-B91B-0A95B0D0F739,12-09-14 9:15
25816,15205,NA,9,AW00025816,31A82C10-1F61-4491-9107-62B47560997E,12-09-14 9:15
12661,8855,NA,7,AW00012661,B0B4F674-F7BB-44A2-90B6-7096EA78075A,12-09-14 9:15
27215,12536,NA,6,AW00027215,6D6E943D-54D7-4869-832A-2405E7E663DF,12-09-14 9:15
14023,6106,NA,4,AW00014023,A59058C2-298C-40D1-92C6-F72CAFC335AA,12-09-14 9:15
18598,4882,NA,4,AW00018598,408D2D8F-4BB2-49EA-943A-3C38A3D4FD56,12-09-14 9:15
16519,3645,NA,9,AW00016519,8797FD00-4D78-4759-B7E1-B246A4803501,12-09-14 9:15
29462,14609,NA,9,AW00029462,39538CEF-2F35-4434-A7B7-D7313F276737,12-09-14 9:15
21692,8627,NA,1,AW00021692,E072497A-351D-419D-949E-3FFC77EA5677,12-09-14 9:15
18141,9725,NA,10,AW00018141,1E230A9C-B005-4822-8FC4-F547D602E8D2,12-09-14 9:15
27884,15093,NA,8,AW00027884,B8DA3C90-EA78-451D-A324-812A3D820E99,12-09-14 9:15
28389,15519,NA,7,AW00028389,EB082FBA-0AEB-4AF9-AEDE-CADE6B7F9A56,12-09-14 9:15
12632,3724,NA,7,AW00012632,AEDC0444-02D4-42BE-B07E-B3E6376B672C,12-09-14 9:15
15322,16809,NA,1,AW00015322,A5D14B93-CE3C-48A8-ADF4-BEA79B9D1C2A,12-09-14 9:15
27093,10726,NA,4,AW00027093,14858667-07FE-4756-9768-1551E97AF026,12-09-14 9:15
20403,17134,NA,9,AW00020403,C2B31773-C9E9-46A1-8F78-A90C38D46B74,12-09-14 9:15
19384,9582,NA,8,AW00019384,8328C94A-A93A-4CBD-B7BB-CB762EBEA246,12-09-14 9:15
11997,19687,NA,9,AW00011997,E1B7A7BF-ACAD-402B-ABC8-CD3DB5979EE4,12-09-14 9:15
19917,11513,NA,10,AW00019917,A5532034-E265-4711-89F9-460429E19C37,12-09-14 9:15
22492,18330,NA,8,AW00022492,EC8DF5D7-198F-48E9-B1B1-1B8464E9BA1F,12-09-14 9:15
14722,8533,NA,1,AW00014722,DD2611EA-4BB3-43AC-B7CF-88291B6B8B80,12-09-14 9:15
24106,2795,NA,7,AW00024106,FD7B6E88-870E-4F5B-8A4E-4BA3F6D5584B,12-09-14 9:15
27230,17899,NA,6,AW00027230,7B5B102E-4548-49C7-8E4F-A0E89864F8B7,12-09-14 9:15
17353,10867,NA,9,AW00017353,AEA688D9-8DF2-4BB2-B65A-AC64FB0AF6DF,12-09-14 9:15
25298,3591,NA,10,AW00025298,CA052E80-C43E-4DCD-AEF7-DCC5FAD5E44F,12-09-14 9:15
15810,7637,NA,9,AW00015810,E9994E13-2ECA-45BA-A4FE-1AE8F273328F,12-09-14 9:15
18470,11091,NA,9,AW00018470,1242F236-1173-4A15-AF85-032E1329511A,12-09-14 9:15
29579,515,516,3,AW00029579,AF37EBFF-FE33-4CC9-8141-E0D4594F50E2,12-09-14 9:15
24911,16741,NA,9,AW00024911,BF86269F-5F41-48B1-A3E8-593B6FF4201F,12-09-14 9:15
29330,8638,NA,1,AW00029330,2CD6E879-49E2-4C9A-A165-5ABAFB7D35B0,12-09-14 9:15
15628,19232,NA,8,AW00015628,084464BF-2BB6-41DA-AC8C-7070B2BEF27E,12-09-14 9:15
25973,8106,NA,1,AW00025973,36710C90-E10B-4C7C-93B7-043B97813D43,12-09-14 9:15
21650,3688,NA,4,AW00021650,7189BB75-8A25-4BB3-83AB-620202ED3F9F,12-09-14 9:15
24118,4661,NA,7,AW00024118,87EC25C2-974C-468D-B25A-48AA1DB5DF06,12-09-14 9:15
24990,15797,NA,4,AW00024990,0A37C6DA-E6A0-4511-BCB4-56CBCC818503,12-09-14 9:15
24307,16200,NA,9,AW00024307,3694CB01-8AB2-413D-B377-17D859AA3245,12-09-14 9:15
28004,9377,NA,1,AW00028004,CE7AAFA3-BE70-4EDE-BE13-9D436DA69DBE,12-09-14 9:15
22751,17807,NA,4,AW00022751,53F78FC5-544E-45EC-99E9-DC54E5D85FA4,12-09-14 9:15
21693,11535,NA,4,AW00021693,7794B26F-317A-4754-9577-006EA8B2117D,12-09-14 9:15
22716,16345,NA,1,AW00022716,A42646EE-EC23-4CB1-8102-9287371C00F8,12-09-14 9:15
18668,14241,NA,1,AW00018668,861B1D38-C825-44AD-9B2C-CF453AFE3778,12-09-14 9:15
26245,15116,NA,4,AW00026245,3B463A0B-CCBE-46B2-B2BE-4CE9F16E9137,12-09-14 9:15
23262,2863,NA,1,AW00023262,65E80FD4-8620-44A4-8E24-0757DA398371,12-09-14 9:15
23549,20192,NA,4,AW00023549,C318F2DC-AB07-4226-83AC-2FDFA5419E82,12-09-14 9:15
27328,8134,NA,7,AW00027328,53DD9820-0EF7-4C42-B44A-395285124D2F,12-09-14 9:15
14439,14785,NA,1,AW00014439,D6696D6A-DCD1-4FF0-A4DB-93911B19C403,12-09-14 9:15
28993,20076,NA,1,AW00028993,E3C09B03-7A7B-4204-96D8-7C99D41CBECD,12-09-14 9:15
23810,12494,NA,4,AW00023810,94B0E247-E596-4732-8044-4D26556539F6,12-09-14 9:15
12486,2507,NA,10,AW00012486,FF4718AC-393E-462D-870F-0BB4C88C02B5,12-09-14 9:15
18347,11555,NA,4,AW00018347,18E883E3-F7D0-429B-AB6D-DB93DB6826A4,12-09-14 9:15
15261,10011,NA,9,AW00015261,78676503-1BF4-48C3-9591-82D56F70176D,12-09-14 9:15
27130,15574,NA,10,AW00027130,0D7BA87C-1749-43D3-BE9E-4DB89C7BD70A,12-09-14 9:15
21135,9543,NA,10,AW00021135,F13C1C78-49C2-4028-8991-D95902BA6363,12-09-14 9:15
13356,7364,NA,1,AW00013356,BA56D8DA-E0EF-4128-BCFC-E7E9307DD79E,12-09-14 9:15
26731,17861,NA,4,AW00026731,3389613E-2112-4576-B2E9-3AD9F7E77E5C,12-09-14 9:15
21370,7992,NA,9,AW00021370,68BA6069-F094-4B75-A177-FA0B8653D777,12-09-14 9:15
28365,17606,NA,10,AW00028365,59A01F3B-7E49-41EE-82FF-3CDB4DC1A05C,12-09-14 9:15
16781,6987,NA,4,AW00016781,694B1A8C-4F6C-4499-BF76-0077F1831121,12-09-14 9:15
21468,6528,NA,4,AW00021468,2AD77882-D3B6-489C-A7E1-B31E10050841,12-09-14 9:15
17694,9946,NA,4,AW00017694,092B0296-3331-42E2-87AC-4B04AAEFAEF8,12-09-14 9:15
497,NA,324,6,AW00000497,9FC698D8-A5D6-4971-BFB4-9A4D8988DB58,12-09-14 9:15
18177,6593,NA,10,AW00018177,9B245003-F9C5-406F-975B-0E3C0B630735,12-09-14 9:15
14485,9437,NA,4,AW00014485,AAE37BC2-E798-4781-BCDC-209A452A9439,12-09-14 9:15
29963,1349,1350,5,AW00029963,6A6C0A44-B870-4627-A471-8FC3FC3F0BCB,12-09-14 9:15
12991,18395,NA,9,AW00012991,9A4BAE2E-8344-4614-BB5A-14C18F0D172B,12-09-14 9:15
21230,7569,NA,9,AW00021230,1A83BD01-0F9D-4CEE-87CF-4CA31BFB0D57,12-09-14 9:15
20982,10953,NA,10,AW00020982,B28E34F7-075A-4036-A6FA-14D893ABA384,12-09-14 9:15
53,NA,994,2,AW00000053,81D3B740-DCF1-4F23-A5E3-D81353280016,12-09-14 9:15
24317,4927,NA,4,AW00024317,969D4FCC-14E1-4844-A30A-F0FD6F04AA5E,12-09-14 9:15
23923,12497,NA,10,AW00023923,CC772B59-17DA-4E95-902D-B61FE542A592,12-09-14 9:15
14755,17148,NA,4,AW00014755,5BDF43D7-04F8-477A-A62C-CDD3FA99BD56,12-09-14 9:15
13611,10869,NA,7,AW00013611,51633014-2DBD-4E13-ABE2-608626E45B92,12-09-14 9:15
26328,4241,NA,4,AW00026328,C5BF67B7-BF8F-41F4-B4E5-4038206EDD5C,12-09-14 9:15
11499,11641,NA,4,AW00011499,FFDE5D2C-7426-4C51-A233-38F49858F4A7,12-09-14 9:15
22553,14077,NA,10,AW00022553,89125181-DE6E-42D8-AC2D-53D0A9B468C6,12-09-14 9:15
28313,19532,NA,9,AW00028313,18CCCF41-94F9-47ED-A7EA-F9D1DAE35596,12-09-14 9:15
12905,2760,NA,1,AW00012905,9181CBC7-57B2-4CCF-8277-08BAFF2795EA,12-09-14 9:15
21977,20157,NA,9,AW00021977,02AA8212-27FE-4184-BC99-E959BFE72F0B,12-09-14 9:15
28062,4438,NA,4,AW00028062,719B247A-F951-4D3E-8EC5-BD424BB39E7B,12-09-14 9:15
23341,16168,NA,1,AW00023341,C9B35A64-956C-4178-9B15-B6F825519CA4,12-09-14 9:15
26249,5684,NA,1,AW00026249,0E937A7B-E943-4183-B543-824E747DE263,12-09-14 9:15
24821,7350,NA,1,AW00024821,08E212DE-3AC7-494C-9C85-AF4990626DC9,12-09-14 9:15
25833,14160,NA,1,AW00025833,D43A27DD-B639-4286-AE30-F0A3394CB1F3,12-09-14 9:15
19886,13841,NA,1,AW00019886,35A31819-3F31-429D-AF66-F3735EB08ED9,12-09-14 9:15
13122,8510,NA,9,AW00013122,C800D42A-AF57-40C3-8715-7512AA174615,12-09-14 9:15
16515,15798,NA,9,AW00016515,38DAE1E9-F616-4B24-B383-6051F03097D7,12-09-14 9:15
23666,11763,NA,1,AW00023666,A38E5AFC-EA56-4F1C-8391-D6A80434D9B4,12-09-14 9:15
16347,9511,NA,9,AW00016347,671E99E4-02AB-4473-B3FF-F3A70EC099B2,12-09-14 9:15
14679,18771,NA,9,AW00014679,C8272D9C-8FCB-4F51-9BE5-55866D8A7FC3,12-09-14 9:15
12067,5504,NA,4,AW00012067,C86F197B-5626-44A0-AA10-51CC3DFA9A5F,12-09-14 9:15
27406,15280,NA,6,AW00027406,BE109540-D12D-4E08-BD68-8E6CEF660012,12-09-14 9:15
22157,3236,NA,1,AW00022157,282F38C2-4D14-431D-9C93-398E68197B91,12-09-14 9:15
29624,615,616,5,AW00029624,6CAB30A3-206E-4774-ABEB-A82CE23EC9C5,12-09-14 9:15
28769,19271,NA,1,AW00028769,06112932-404E-49E9-A69C-BDE58197BE29,12-09-14 9:15
24029,3394,NA,7,AW00024029,3ACEE716-1BE8-4847-88CF-745A6E9C2A16,12-09-14 9:15
473,NA,1204,4,AW00000473,BDC2CD6E-0FF5-4AF8-A5B2-EEAF07B882E5,12-09-14 9:15
22033,10967,NA,9,AW00022033,939939A0-98CF-488B-BAF7-5361EA291777,12-09-14 9:15
29233,8050,NA,1,AW00029233,C388DB91-8C3A-407B-96B4-1D8215E0BB7D,12-09-14 9:15
21436,18496,NA,1,AW00021436,AE1FBDB4-B1C4-40AE-8055-B579F1F4C697,12-09-14 9:15
24281,10029,NA,9,AW00024281,A8485BC2-8C75-4E62-A7E8-E3DF72FC3865,12-09-14 9:15
29945,1309,1310,5,AW00029945,BA695E95-FEEA-4E57-B7DE-C0F525B9CFFA,12-09-14 9:15
13451,13746,NA,4,AW00013451,991E7254-15C5-4363-B731-64980B689BEB,12-09-14 9:15
29928,1275,1276,6,AW00029928,3CE63665-21B9-4502-9AEC-6C7D73328850,12-09-14 9:15
11787,16921,NA,4,AW00011787,65692DF3-F089-4E89-B774-C404C541AAA9,12-09-14 9:15
12729,6200,NA,10,AW00012729,CB535A91-3919-48E7-A196-EF83568CF468,12-09-14 9:15
26971,19421,NA,10,AW00026971,2D08ECC9-564F-441D-932E-FA1CE959E52D,12-09-14 9:15
17440,14811,NA,4,AW00017440,CD7C4C6B-85B0-4B99-8C63-8180E83CE3D3,12-09-14 9:15
22931,17588,NA,9,AW00022931,31FD4584-A784-41FA-B62C-B22A0E94A9F1,12-09-14 9:15
19065,10151,NA,8,AW00019065,5B743372-6275-44F2-9EAC-7D3E0FEBEF21,12-09-14 9:15
17307,3313,NA,9,AW00017307,614ADBBC-F205-4B0C-8841-259A369F8D81,12-09-14 9:15
21818,13407,NA,7,AW00021818,0A8D46D0-2868-4337-87F9-452D77F53AE8,12-09-14 9:15
20555,2893,NA,8,AW00020555,9CA0FCFC-0AA6-4C8C-8DC0-44A4C3D21542,12-09-14 9:15
19014,16993,NA,6,AW00019014,B57C1921-743D-4B81-8A98-E3A94A5535E0,12-09-14 9:15
26648,9100,NA,4,AW00026648,0DF0253B-3414-4BB9-9839-65E062CD40B0,12-09-14 9:15
25013,17120,NA,9,AW00025013,96236B09-3E4E-44F4-9DB8-3E7349CA3280,12-09-14 9:15
13557,17591,NA,10,AW00013557,5B2F2E8B-66EE-4528-B262-23AF4EED40F4,12-09-14 9:15
26763,9262,NA,9,AW00026763,AA23936F-A40A-4111-BFB8-EFC655336204,12-09-14 9:15
25529,14251,NA,8,AW00025529,36F77BF0-7929-4A86-B893-8FE76446609B,12-09-14 9:15
28695,16834,NA,10,AW00028695,54BF908A-D5CF-4DC6-8EC0-DA39FC504B61,12-09-14 9:15
17283,15962,NA,9,AW00017283,7F03D766-2BB9-4C02-A127-100E51C37166,12-09-14 9:15
14303,13745,NA,9,AW00014303,257BD167-456F-4F37-B82F-27EC6D36E9A5,12-09-14 9:15
12146,4390,NA,4,AW00012146,73639DDF-CDBE-4408-A20D-E8823CF4E1B1,12-09-14 9:15
19884,6370,NA,6,AW00019884,261270EC-5ACB-40E9-BF4F-E721AB8AD49D,12-09-14 9:15
29375,7807,NA,8,AW00029375,B875BF34-A689-4802-9053-90FE332C6346,12-09-14 9:15
28154,2970,NA,4,AW00028154,D7CC54DB-673C-4C77-A063-C303D308717E,12-09-14 9:15
24772,6065,NA,4,AW00024772,BA4995EF-B7DC-462F-80EE-55E0CF220EAD,12-09-14 9:15
26450,3717,NA,1,AW00026450,6E00A9CA-01DF-4AF5-ABEE-53B03C974C90,12-09-14 9:15
27222,7591,NA,4,AW00027222,C19B297C-9802-45F8-BF26-4EFF5BB29EBF,12-09-14 9:15
26734,20726,NA,1,AW00026734,45D55088-849C-455B-B247-A4FC7D219F6C,12-09-14 9:15
14412,19953,NA,1,AW00014412,974CDB54-BC13-4580-B8B4-C3EC8E61E3ED,12-09-14 9:15
27357,19241,NA,9,AW00027357,4A82AD4D-44FF-4C61-87B3-FC96D5B4A819,12-09-14 9:15
11096,5114,NA,9,AW00011096,C85A309F-5EC7-4E3B-B48C-7F9995B3086F,12-09-14 9:15
28621,2501,NA,4,AW00028621,51188DBE-3C90-48E6-85EB-AED510ED8F31,12-09-14 9:15
12008,8515,NA,9,AW00012008,313F43F3-25FA-4275-948F-7A44D80E66C0,12-09-14 9:15
14647,14840,NA,4,AW00014647,FA5A1945-B102-4E05-8C20-48497B747F21,12-09-14 9:15
20902,19386,NA,10,AW00020902,8CEE9DB9-07DE-4F8F-8897-8642316DC5C3,12-09-14 9:15
20834,15347,NA,10,AW00020834,8D1AF581-2CE9-45CA-8947-748DBB5344C5,12-09-14 9:15
20224,14457,NA,9,AW00020224,40734167-5828-4A57-A55B-188425C579E7,12-09-14 9:15
13379,8986,NA,1,AW00013379,F3A3D648-68A0-4BE6-BC76-7470C61D1B14,12-09-14 9:15
13722,16173,NA,1,AW00013722,22FA3FDC-9EB8-4654-BC3D-55342F830474,12-09-14 9:15
27636,8825,NA,1,AW00027636,C337EEC0-C647-4508-BD14-CE482342A51D,12-09-14 9:15
15874,17677,NA,6,AW00015874,9A49AA9C-5529-4637-9EA1-8893718BA3BD,12-09-14 9:15
21531,10479,NA,7,AW00021531,E47FEC29-600E-493F-BE94-6ABCB4819E05,12-09-14 9:15
12017,6671,NA,6,AW00012017,B5B0DAB1-6393-484D-8E50-E8B3A29ACF4B,12-09-14 9:15
23896,19109,NA,1,AW00023896,64A4098A-A06E-489B-A7B3-886624ACEE6E,12-09-14 9:15
26619,16630,NA,1,AW00026619,E18AAE4C-ECB4-4736-A9EF-2BCF9A219F4B,12-09-14 9:15
24757,11985,NA,6,AW00024757,E2BA4AE4-AA60-4BE0-8AF2-87F36B4B8B03,12-09-14 9:15
27242,6068,NA,6,AW00027242,9D24C842-D520-4617-9A6D-DABF9C26DD7D,12-09-14 9:15
17653,13824,NA,7,AW00017653,8E87952E-0F21-4966-BC10-F0D001655C55,12-09-14 9:15
27075,5364,NA,6,AW00027075,06AEBE72-54D6-4947-963D-739481CF4862,12-09-14 9:15
13846,2434,NA,10,AW00013846,ED3181B4-FEE6-4052-98B9-54A9AD9950FE,12-09-14 9:15
20,NA,1016,1,AW00000020,E010C10A-F1C3-4BBA-81CA-A7E083350400,12-09-14 9:15
14708,3080,NA,7,AW00014708,27B6A84B-8DF9-4DA7-A9B4-56558F459740,12-09-14 9:15
24261,11852,NA,4,AW00024261,0B39213A-6FCE-40DF-9B88-CCFF03AF8C8C,12-09-14 9:15
24644,17750,NA,4,AW00024644,26D9FDB7-E620-4A9D-82CE-C098F3876C0D,12-09-14 9:15
11221,5941,NA,4,AW00011221,B149C583-B3E0-4D90-B905-B26E4C0F3C96,12-09-14 9:15
25407,17210,NA,1,AW00025407,EB5329A3-FC64-43F3-98C0-ADBB29EB1535,12-09-14 9:15
29768,923,924,4,AW00029768,C5614F21-602E-49E6-9021-B405BE529B46,12-09-14 9:15
21222,2604,NA,9,AW00021222,429DA409-9121-444F-AA73-8D96B7174787,12-09-14 9:15
14551,10143,NA,8,AW00014551,53FD6A5A-85F2-4F1B-99B9-4ACCB1CFC588,12-09-14 9:15
25034,14353,NA,9,AW00025034,C6E0AFBC-F743-4A6D-850B-E5823FF457FD,12-09-14 9:15
15933,14628,NA,10,AW00015933,13F4DA63-DDAA-4AA2-9F3A-C556E871058C,12-09-14 9:15
20251,5471,NA,9,AW00020251,A01085C5-C97E-480A-AC9C-7625076A348F,12-09-14 9:15
14049,15044,NA,9,AW00014049,18B99CD7-2953-4A40-96CB-8607F99813EB,12-09-14 9:15
21766,16242,NA,4,AW00021766,270AC29A-B7B9-4D75-9105-89C7ED50F27F,12-09-14 9:15
24589,2396,NA,9,AW00024589,C743BEBF-80E4-4B98-B41A-ADF9C0111896,12-09-14 9:15
25411,7376,NA,4,AW00025411,8CDC4B26-5342-4A62-8C57-054CDC53DB82,12-09-14 9:15
17613,12969,NA,6,AW00017613,F0DC53DD-6082-4DD4-A8BA-EB754B292F47,12-09-14 9:15
11746,14163,NA,1,AW00011746,1A16AF23-DC27-4921-A5F4-6D9DF454BD47,12-09-14 9:15
21678,4903,NA,10,AW00021678,134C46E3-AACE-4906-90DE-4A96FE70C225,12-09-14 9:15
19713,20647,NA,1,AW00019713,744E10B0-7934-4A58-BA7D-E39D75E870CF,12-09-14 9:15
26355,10174,NA,7,AW00026355,8010DB5C-120F-4730-A8E5-EAC6959664D9,12-09-14 9:15
29025,13580,NA,4,AW00029025,1FDA3A44-5E37-433A-98DB-3CDA5C60A53D,12-09-14 9:15
14029,9009,NA,1,AW00014029,D01FE376-9B93-41B3-AC0F-03FC639AD6D7,12-09-14 9:15
26308,7962,NA,1,AW00026308,DCC80C45-759A-4334-BD48-40D53E757879,12-09-14 9:15
14218,5133,NA,9,AW00014218,75A97096-D619-4A5C-842D-839B21D97FAE,12-09-14 9:15
13059,20488,NA,4,AW00013059,71AC5A06-850F-4AFD-9D34-29C9BFEFAF84,12-09-14 9:15
154,NA,626,6,AW00000154,4F60F75E-B20A-4056-874C-B7F3BD33BF3F,12-09-14 9:15
13993,7023,NA,4,AW00013993,13DA38C0-B888-4623-A416-1F9A5273A1CE,12-09-14 9:15
29267,10068,NA,6,AW00029267,85EE8743-DBF7-4E1D-BDFB-DAF94710B37A,12-09-14 9:15
29971,1367,1368,6,AW00029971,B60C30F0-35AE-4892-9825-426D28DB59EA,12-09-14 9:15
23114,6792,NA,6,AW00023114,5ADB136D-A39A-4EB4-9179-8EE7A47DAD12,12-09-14 9:15
230,NA,1420,8,AW00000230,6AC62AD2-FF1F-4151-B2A2-969847A7BAF1,12-09-14 9:15
15330,8457,NA,1,AW00015330,F1239149-C335-4F45-B560-308DD9EEE0EF,12-09-14 9:15
27696,11214,NA,9,AW00027696,82851CFF-D2AA-4D4F-AA75-DBAD010657C0,12-09-14 9:15
26632,11223,NA,1,AW00026632,79CF1CCE-ADBE-4FE5-9A64-2431ED01BF52,12-09-14 9:15
21046,8045,NA,10,AW00021046,7BDF66C4-BF87-48B6-9C6D-A857F0DEF117,12-09-14 9:15
24273,13791,NA,9,AW00024273,B666218C-EB44-46B5-A1F3-34273C841E1D,12-09-14 9:15
23530,8182,NA,9,AW00023530,44EF8CAE-8440-449D-AAC0-11DBEC70290E,12-09-14 9:15
22916,6461,NA,9,AW00022916,6899EA95-6621-4EF3-B0A8-B576F1F0B23A,12-09-14 9:15
14103,13783,NA,9,AW00014103,088C2AF8-EE4B-46CF-8BC5-6F128ED46E96,12-09-14 9:15
18012,17413,NA,10,AW00018012,DCC5FFE3-36F9-4340-AB31-60EFC2EFD98B,12-09-14 9:15
30026,1485,1486,7,AW00030026,D2EB23A3-B046-4A93-888E-099683FD6451,12-09-14 9:15
27043,15128,NA,6,AW00027043,E1F966AE-FEB1-45BD-A694-6FF2C9CE9FAF,12-09-14 9:15
29250,18566,NA,1,AW00029250,F5195832-47A4-4AEF-8D66-E69FAAE4B8AA,12-09-14 9:15
25520,16775,NA,7,AW00025520,14EC8665-A6F5-48C0-BD5B-5871B3033DDD,12-09-14 9:15
28330,15172,NA,1,AW00028330,438DB1F1-FC2F-466E-B814-4BBE7D65B4C3,12-09-14 9:15
27392,14279,NA,4,AW00027392,F2E927FA-723C-4FB7-B45A-B2B0BA63A566,12-09-14 9:15
27267,12229,NA,6,AW00027267,F90A78AB-BC3A-4AD2-93E4-EFAEE78555AB,12-09-14 9:15
16453,3376,NA,10,AW00016453,5A48B4A0-A7DE-4FC3-89DF-5C1E5A8E3E45,12-09-14 9:15
27728,12302,NA,9,AW00027728,F10076CD-EAB6-447C-9D2A-E1134D3C582B,12-09-14 9:15
27534,15397,NA,4,AW00027534,E7BB3525-6062-40D8-9E52-F40D6A483FBE,12-09-14 9:15
24477,12264,NA,9,AW00024477,065051C1-7987-40D7-9314-9945E3711077,12-09-14 9:15
22205,16010,NA,9,AW00022205,5EE7B195-ACAC-4B8F-8D5C-A6FDF249D760,12-09-14 9:15
14116,19214,NA,1,AW00014116,F983BFA7-D51E-4C82-A59E-496896EFC208,12-09-14 9:15
19360,13967,NA,10,AW00019360,10B581DC-275B-4CFD-8A6E-224C8EE99D3C,12-09-14 9:15
11173,12474,NA,1,AW00011173,618B8371-A706-4E2F-B591-92A94374E3F0,12-09-14 9:15
24122,9025,NA,7,AW00024122,0E1B6728-2BC3-445A-9AD7-78936E4FB044,12-09-14 9:15
25404,17238,NA,4,AW00025404,F7CA7BCE-F5AE-4F6C-BEFD-5E356E0412B6,12-09-14 9:15
19220,9530,NA,6,AW00019220,742E932A-4757-4B93-8334-D2160DF115AC,12-09-14 9:15
23249,8642,NA,1,AW00023249,331A7094-5FD5-4926-BF9E-CB3CF42E7875,12-09-14 9:15
15287,10334,NA,1,AW00015287,D57AAC3B-7F27-4B95-877B-7DAE3B34794E,12-09-14 9:15
16632,11264,NA,9,AW00016632,D69F21DF-24DD-4575-9506-843A8A7DE55B,12-09-14 9:15
183,NA,684,3,AW00000183,B2051957-B411-44E1-BCA5-63FECB5368F2,12-09-14 9:15
22460,7009,NA,10,AW00022460,CEEB331E-D8D8-4CC8-B6AF-21EABE81BDB0,12-09-14 9:15
18126,18465,NA,10,AW00018126,721A82A3-2590-4DF0-900C-F4C54FB5B92D,12-09-14 9:15
28487,10778,NA,9,AW00028487,423A2EBF-0A8B-4EA4-BEDD-BEF61E8DF63C,12-09-14 9:15
17649,20137,NA,10,AW00017649,F607090C-10FB-4950-BF28-9E4AC21E26C4,12-09-14 9:15
27017,17700,NA,1,AW00027017,5B612F0E-D202-447A-9A16-5CB16A83C17B,12-09-14 9:15
23470,16927,NA,4,AW00023470,4CC829BB-653C-4539-8A54-829424A600EB,12-09-14 9:15
14996,11817,NA,8,AW00014996,EC201E98-E794-4C16-9ED4-976B10460A0A,12-09-14 9:15
16832,15581,NA,1,AW00016832,EF78F646-5C00-4AED-8D1A-77764A077643,12-09-14 9:15
12846,8594,NA,8,AW00012846,09F17B73-74D3-4921-A644-FDBD90E8DA01,12-09-14 9:15
25689,9763,NA,10,AW00025689,18BB1D9A-5993-49AA-85E4-4044544B422D,12-09-14 9:15
17143,6651,NA,6,AW00017143,2285025F-88ED-48FF-9296-740C3FBE8495,12-09-14 9:15
14526,12263,NA,8,AW00014526,93581462-124B-4EE0-9A50-3564033E84B7,12-09-14 9:15
16905,9442,NA,4,AW00016905,EF8D7B18-6841-45FD-806C-E7B36185CF9C,12-09-14 9:15
28183,19914,NA,4,AW00028183,63C50F2D-2535-4235-9298-4B62864787FE,12-09-14 9:15
28431,6829,NA,7,AW00028431,CB9E808C-31E3-4CB1-A3A8-FBF7B6083F6A,12-09-14 9:15
27678,16447,NA,1,AW00027678,C0919FDB-4CDE-4271-ABF3-F14C7604A599,12-09-14 9:15
20465,7474,NA,4,AW00020465,ECA90732-6ECF-47F5-99EB-D37FCE0DF84C,12-09-14 9:15
29687,757,758,8,AW00029687,BA895C55-3D37-4384-B6EA-5569CFEFEC7E,12-09-14 9:15
19891,20448,NA,1,AW00019891,77D47335-8D0E-4F8A-A88A-A463CBAB289A,12-09-14 9:15
28868,5414,NA,4,AW00028868,F9715729-B43C-4E2B-BB20-5EF1AFBC8EEC,12-09-14 9:15
27195,15866,NA,4,AW00027195,0BEC6C68-1906-4EF5-BC33-B31D759A5AA1,12-09-14 9:15
25612,14642,NA,10,AW00025612,9B263894-9AFF-4047-A893-CDB968397D26,12-09-14 9:15
12413,6373,NA,1,AW00012413,2CF8D2E9-B305-45C3-9237-72C9D0722ED1,12-09-14 9:15
24218,3938,NA,10,AW00024218,51F43D64-D768-4876-9D95-2B09BD24B4C1,12-09-14 9:15
13610,12747,NA,7,AW00013610,1A5C003E-16B2-4699-ADB8-CCBBD74C8F1D,12-09-14 9:15
18144,20629,NA,7,AW00018144,D04FBBEB-DC94-444D-B329-BA312A08DA8F,12-09-14 9:15
21647,4146,NA,1,AW00021647,0B4A2AC9-047B-4F6B-93E5-1BECDACCACE2,12-09-14 9:15
27572,16448,NA,4,AW00027572,5EC6E30F-6E85-422D-9481-86232901948C,12-09-14 9:15
18337,6043,NA,9,AW00018337,9716F8BB-4F93-4027-93A2-F4A5ACCA2539,12-09-14 9:15
23751,12424,NA,10,AW00023751,53007B5C-0089-4EA3-875F-583ADE1D6882,12-09-14 9:15
26710,10238,NA,4,AW00026710,ABD379B0-04EA-4C42-93C9-D377943E4F29,12-09-14 9:15
20774,18605,NA,4,AW00020774,A8E99211-3327-41BF-948E-88DEA85FF077,12-09-14 9:15
21629,17422,NA,6,AW00021629,88548FC2-96DC-4644-8754-0470335D9200,12-09-14 9:15
28819,19636,NA,6,AW00028819,48DE4C4F-4E25-43C3-B097-5866C88BFDC6,12-09-14 9:15
14838,10213,NA,8,AW00014838,B998FC79-7BFB-47CE-84BD-81A3FAD6477D,12-09-14 9:15
22536,19191,NA,10,AW00022536,FD965CC6-562B-4136-8CB6-B1C016551309,12-09-14 9:15
14453,16549,NA,1,AW00014453,74FBA985-3EE1-4EEE-B237-FFB7459161BD,12-09-14 9:15
12857,9508,NA,10,AW00012857,8F32563D-C554-4022-A97A-53D53D7D6F68,12-09-14 9:15
18396,15564,NA,1,AW00018396,72A90794-EAF7-4531-87E1-DCFDEC300B64,12-09-14 9:15
20537,15613,NA,4,AW00020537,D0077349-4864-4E19-8099-99EB65E24AD2,12-09-14 9:15
22204,2554,NA,9,AW00022204,C9B4B7F1-AECD-4106-8858-50266A9FD205,12-09-14 9:15
17081,20453,NA,7,AW00017081,CBD04ACB-1B38-40EA-B7B7-3F31EC7D17D1,12-09-14 9:15
18325,12276,NA,9,AW00018325,F48A0649-616A-485B-88E4-12DB5403AD38,12-09-14 9:15
16904,8875,NA,4,AW00016904,0C217B5D-E8AB-4841-B6FA-4D08CFF16123,12-09-14 9:15
14195,14634,NA,10,AW00014195,C0C41E13-C776-4E58-95EF-2379E015980B,12-09-14 9:15
13795,16963,NA,8,AW00013795,333DEAC7-124D-4FB6-A36B-A51BB76B2210,12-09-14 9:15
19521,7069,NA,7,AW00019521,ACD7D584-66A8-4D62-91B6-3467F7A06177,12-09-14 9:15
15568,5515,NA,4,AW00015568,7298DC45-0493-4EAC-A709-12119CFB940C,12-09-14 9:15
24321,16537,NA,1,AW00024321,468F4271-9594-4BB4-84F1-923C3EF71705,12-09-14 9:15
26028,18860,NA,9,AW00026028,EFECB9A8-A5E1-4C33-908F-E7224DDA9C69,12-09-14 9:15
11226,2873,NA,1,AW00011226,DBF20B18-4F6D-4853-89DC-728F068B30FB,12-09-14 9:15
15846,13340,NA,6,AW00015846,737C8BAA-14B7-476C-9B83-039CD2635B7B,12-09-14 9:15
21953,6918,NA,9,AW00021953,ED05FFDF-96DE-4322-879E-93AD1D84AAF1,12-09-14 9:15
23321,5129,NA,9,AW00023321,D0557B8C-AB9E-492E-A98D-3910B906A21B,12-09-14 9:15
26506,3270,NA,1,AW00026506,F1D574CC-B0A2-4625-B4A4-DC2FE4B13995,12-09-14 9:15
20716,19696,NA,8,AW00020716,A5E31033-05D1-415A-9F1F-65EA1413A1BB,12-09-14 9:15
11030,17272,NA,9,AW00011030,C3024273-59F4-4EFD-8ED9-71CAC3047BCB,12-09-14 9:15
29843,1083,1084,1,AW00029843,F2C13E63-AE28-4A72-B011-D6377449AB90,12-09-14 9:15
12928,10582,NA,6,AW00012928,61F75D1C-8629-446E-A5EF-9A72B714DD2F,12-09-14 9:15
20093,11699,NA,4,AW00020093,F56837BC-335A-4AB9-AC1F-676B3709923E,12-09-14 9:15
14167,15552,NA,8,AW00014167,C205E235-4375-4BB9-8A4F-8A5042BA5AF9,12-09-14 9:15
26385,13629,NA,8,AW00026385,D87BABB9-5118-4959-9BCB-BD093851DAE7,12-09-14 9:15
16289,19960,NA,7,AW00016289,8B6870E6-67D8-4726-BA03-4820B1C0B9B7,12-09-14 9:15
25878,19269,NA,4,AW00025878,8992E461-246D-45FB-9833-3DD7A113F4C3,12-09-14 9:15
25955,11606,NA,4,AW00025955,944AE05C-E811-4E62-81C3-DE2353716431,12-09-14 9:15
16955,15016,NA,6,AW00016955,89496621-D62D-4251-B9A9-FD89DB8CE55F,12-09-14 9:15
29215,12795,NA,1,AW00029215,EA03C305-5D90-469A-84DC-BE00E45DD2E5,12-09-14 9:15
11850,8313,NA,4,AW00011850,FD7A542E-9F2F-46AD-A9EC-FD3117055B01,12-09-14 9:15
24380,9059,NA,9,AW00024380,18068C26-7352-4202-8CFE-2CC573574FC2,12-09-14 9:15
29886,1175,1176,2,AW00029886,B41DBD70-2E7B-43EF-9120-B7C201FD3F93,12-09-14 9:15
21285,8888,NA,1,AW00021285,2DDDC5E0-2CD5-4C2E-B5B1-B7D68E3D79B0,12-09-14 9:15
26164,14234,NA,9,AW00026164,ACC3A7C2-162F-4A21-A027-3EADC9BEE622,12-09-14 9:15
12818,18279,NA,7,AW00012818,428D1224-0428-45BA-9FC0-D320387023D2,12-09-14 9:15
18858,4133,NA,4,AW00018858,200603EE-32CF-4A48-A1CD-0CD23AE8FCC2,12-09-14 9:15
12618,12217,NA,7,AW00012618,FCC26AD3-71FA-4CFF-A62D-BEB229DFA367,12-09-14 9:15
27101,15040,NA,6,AW00027101,7F471A3E-05C2-4770-B515-C89215B71D2B,12-09-14 9:15
22198,19315,NA,9,AW00022198,D1D24C8D-BAE2-4CB3-84A8-B986E1D88981,12-09-14 9:15
27167,14036,NA,7,AW00027167,D9DA5CEE-8C40-4E27-99CE-381D20ED47C1,12-09-14 9:15
17783,16425,NA,8,AW00017783,29B64615-0E88-479E-BC27-E561BDB1218A,12-09-14 9:15
26254,13956,NA,1,AW00026254,1CAE057A-29CC-41CD-9B20-71C743BDEDCE,12-09-14 9:15
15200,4535,NA,4,AW00015200,6F4E0A12-F656-4457-AA60-153C06B6FDDD,12-09-14 9:15
14242,12806,NA,1,AW00014242,2FD4D390-4B17-4FAE-B60F-7471DEFBDCC0,12-09-14 9:15
11008,14673,NA,9,AW00011008,D7E429F4-6E67-48AC-BBF9-45ECB5EC0F28,12-09-14 9:15
27225,15078,NA,4,AW00027225,EDE8B28A-6B2E-49B8-AAEE-7E8F79320773,12-09-14 9:15
657,NA,1974,8,AW00000657,A4023D53-C9D5-4BCE-A366-7B185DA6A92F,12-09-14 9:15
11723,5637,NA,6,AW00011723,DC9FC02D-8980-4386-947D-BABEE719F08E,12-09-14 9:15
29395,3448,NA,7,AW00029395,41E4D991-24C8-4B07-9A94-BD3C76651600,12-09-14 9:15
18330,15884,NA,9,AW00018330,4F463023-F4A5-4C39-A32B-83C901FB01F8,12-09-14 9:15
20779,3290,NA,4,AW00020779,B5A60ED7-194C-4629-8FC0-2908C8DF9D69,12-09-14 9:15
15433,5270,NA,4,AW00015433,B09C9188-FCF8-4C01-A36D-45A50E2BAABD,12-09-14 9:15
14476,15435,NA,1,AW00014476,992576E4-0250-42A2-8BB0-1DB68D357855,12-09-14 9:15
30010,1453,1454,6,AW00030010,38814541-7E2A-4A6A-911F-5ED76DD0E481,12-09-14 9:15
15885,15269,NA,1,AW00015885,8460B720-B372-47EB-9D83-FD19FE34195C,12-09-14 9:15
19085,3566,NA,9,AW00019085,EB758251-EEF8-4F0F-BCEB-66F29D33334E,12-09-14 9:15
13909,7359,NA,6,AW00013909,3A14E78D-6BB1-46FB-BCD8-6140BAF22D5A,12-09-14 9:15
15526,7520,NA,6,AW00015526,57E22264-D0D3-47C7-BB33-773AED9990EA,12-09-14 9:15
14640,10300,NA,6,AW00014640,FBBAB1A9-8543-4A90-88BF-4AC4D46849DE,12-09-14 9:15
11377,1699,NA,8,AW00011377,EF5D2CDB-AEF9-4480-B860-105B4850B83B,12-09-14 9:15
21551,5905,NA,9,AW00021551,A790431E-2B89-445B-A71A-18ADC19D52C5,12-09-14 9:15
26313,13471,NA,4,AW00026313,E7088AE8-9BBE-4A4B-A42C-B9DA7325A3A8,12-09-14 9:15
26815,8529,NA,1,AW00026815,73678347-28BA-4934-855B-0B90830C6E68,12-09-14 9:15
28224,13143,NA,4,AW00028224,570787F5-5C75-44AB-9C75-A8BF53315898,12-09-14 9:15
26378,13502,NA,8,AW00026378,777328AB-A98F-419A-83DC-AE8455115F6E,12-09-14 9:15
11021,11489,NA,1,AW00011021,12CE448E-038F-4C54-A3F7-C9F0DC9EE66D,12-09-14 9:15
18017,4152,NA,8,AW00018017,ACCFE35A-E4B6-48E7-B2C1-69ACB1527A4C,12-09-14 9:15
21256,18800,NA,9,AW00021256,4C78DDE2-91EA-4A8D-A4E2-716CA636C33F,12-09-14 9:15
19463,19607,NA,7,AW00019463,98D5C34A-73C1-4AA6-85B3-781872F4C5EC,12-09-14 9:15
20728,4068,NA,7,AW00020728,9A041FCD-5475-4393-80FC-964432C0B1C4,12-09-14 9:15
27251,3522,NA,4,AW00027251,188EDB58-BD49-4E8A-A89F-D55B19BCDC35,12-09-14 9:15
14267,19029,NA,1,AW00014267,4F0E31EE-D878-4601-B510-8A65C76815C1,12-09-14 9:15
20625,12854,NA,9,AW00020625,9849A72A-4DEA-4E17-82E8-8FBAD318B74A,12-09-14 9:15
17183,19405,NA,8,AW00017183,4ED45039-5184-497B-BA83-F84BB87D1A38,12-09-14 9:15
15894,13982,NA,1,AW00015894,CD13BD4B-1344-41A4-B0E3-DF45C1110FFA,12-09-14 9:15
17812,16310,NA,10,AW00017812,369A37ED-B65E-4FC7-96FC-160CECABA384,12-09-14 9:15
22447,19996,NA,8,AW00022447,B19ACC30-F763-48B2-B5BB-C4974F554811,12-09-14 9:15
15196,15415,NA,4,AW00015196,92F90C3F-9658-4418-9AD0-22464F51876D,12-09-14 9:15
17854,19919,NA,8,AW00017854,EA0162FC-755D-483A-9C19-1DE705B475D2,12-09-14 9:15
13245,16776,NA,1,AW00013245,6FFEDE89-DE08-47B8-B30C-C404BEB325E2,12-09-14 9:15
22791,3587,NA,4,AW00022791,18FF2F95-8EB1-4AA7-A572-EAEB9ADE3A0B,12-09-14 9:15
13181,14949,NA,4,AW00013181,817A9019-5C98-4802-878A-58E642B1D325,12-09-14 9:15
22823,7492,NA,10,AW00022823,8B022EDE-38CF-4538-AADD-55586D6DF530,12-09-14 9:15
16677,5193,NA,4,AW00016677,F17ADBFF-D788-4031-8741-77624EDBCB8A,12-09-14 9:15
19403,20658,NA,4,AW00019403,D1D8E694-6B73-45FB-90BC-D888F6C6379A,12-09-14 9:15
21795,12856,NA,4,AW00021795,55CE69BC-2E35-4334-AA57-E2C391B930F2,12-09-14 9:15
23553,11399,NA,6,AW00023553,40EA7804-4C3F-43BE-833E-7EB5F10BBB69,12-09-14 9:15
20072,11146,NA,1,AW00020072,4F821E66-50F5-463C-A846-9B67BB86151B,12-09-14 9:15
16720,20723,NA,4,AW00016720,508429E3-24B5-4279-9F3D-8E489D0C8AC6,12-09-14 9:15
25899,9064,NA,4,AW00025899,37245A8D-1E88-4C23-81B0-A6DCBDDDD7BA,12-09-14 9:15
14989,3543,NA,7,AW00014989,031FE1CA-D82D-456F-8877-066C84617707,12-09-14 9:15
25915,7797,NA,1,AW00025915,1CB75559-8CB0-4EB4-843C-D689050922F8,12-09-14 9:15
22754,6161,NA,1,AW00022754,2A220578-7411-4109-BD30-6D254DFB25F0,12-09-14 9:15
25674,7759,NA,8,AW00025674,FED76F9C-8068-490D-B4EB-43376674419F,12-09-14 9:15
658,NA,1058,9,AW00000658,226F159E-8716-4B8B-B058-A53E81118822,12-09-14 9:15
26655,2770,NA,9,AW00026655,27FFA54D-C6C7-4976-A9BA-18B45C3D32A4,12-09-14 9:15
16791,5199,NA,6,AW00016791,D0571991-B3E8-40FB-A565-5C37EE3534E7,12-09-14 9:15
17506,7629,NA,4,AW00017506,8EE8D679-B3E3-4867-98D4-C1E1856C0348,12-09-14 9:15
21834,15322,NA,8,AW00021834,68A85FA1-B743-4BC4-8C68-73CE4B52E14B,12-09-14 9:15
29015,8812,NA,1,AW00029015,831EA9CE-D2FF-413A-B816-54DCE05177A7,12-09-14 9:15
26239,9583,NA,1,AW00026239,417E73C4-0529-425E-87D3-54BBFBA6F7FB,12-09-14 9:15
14835,17132,NA,8,AW00014835,340DBB4C-D330-4272-9B76-C677F0D3BBEF,12-09-14 9:15
17654,6800,NA,6,AW00017654,8C796F76-F612-4DAF-80B8-BFCF9A72FB01,12-09-14 9:15
215,NA,1176,2,AW00000215,3C8FDA7C-6E91-4779-A45E-234774092C78,12-09-14 9:15
25993,15243,NA,1,AW00025993,AF74FDC2-29E0-4833-B0E5-7C44D7513EF4,12-09-14 9:15
23378,16112,NA,6,AW00023378,9B6C80D1-5AE6-4EFC-B45C-3DEB11B325E2,12-09-14 9:15
19272,17103,NA,7,AW00019272,96B42CF5-A1C1-461B-A036-799AB55A3B3A,12-09-14 9:15
22853,8632,NA,9,AW00022853,83B948C3-4896-4CDF-9FB5-ACA97C0CDB2D,12-09-14 9:15
22431,10117,NA,7,AW00022431,E2559FA6-6C81-48D5-9C5F-E3C2D1E9039D,12-09-14 9:15
16761,14890,NA,1,AW00016761,D76BC79D-AE0B-4048-B4A3-9B9046E557A9,12-09-14 9:15
19652,19443,NA,9,AW00019652,274FAAB3-B37A-4438-B803-2258E513B6A9,12-09-14 9:15
20809,18052,NA,10,AW00020809,478F3274-BF26-4D64-B15C-DB2C7C3E2FC5,12-09-14 9:15
25307,5858,NA,8,AW00025307,6FA6B1C9-C232-428C-B0A7-4A313E597985,12-09-14 9:15
23189,11678,NA,4,AW00023189,38316105-6521-4FC9-AE0E-C4CECEB31DA0,12-09-14 9:15
16601,10388,NA,10,AW00016601,961429C6-44F4-4AA1-90C4-E648AE710AF1,12-09-14 9:15
22684,3706,NA,8,AW00022684,F0D8AE35-F3BC-4854-AF66-44BB37D58150,12-09-14 9:15
13485,17473,NA,4,AW00013485,97F4400F-53AD-41E1-A6EB-8F9BD364B002,12-09-14 9:15
13777,15948,NA,10,AW00013777,8836F5F9-2321-467D-B3FC-49D44ACC5B11,12-09-14 9:15
26010,9710,NA,1,AW00026010,67B1BFDB-F724-434C-AE30-F49E82207C3E,12-09-14 9:15
15440,12437,NA,10,AW00015440,99D471A0-90CA-423E-BC5D-3846A7A275E1,12-09-14 9:15
24945,17766,NA,1,AW00024945,A4A0171C-569B-4898-A039-3B8A1C25385E,12-09-14 9:15
19737,8324,NA,1,AW00019737,F3258CCD-C7E3-4DA9-A3B8-CEF9F5817BBC,12-09-14 9:15
11276,15449,NA,6,AW00011276,519A2928-57AE-41B7-9D4C-43425654A7E7,12-09-14 9:15
26994,18705,NA,7,AW00026994,E719D174-D089-4CDF-9825-A7A7873E05C7,12-09-14 9:15
23800,8503,NA,4,AW00023800,056415B4-73B3-41CD-9BD7-2D9A59C684D6,12-09-14 9:15
78,NA,790,4,AW00000078,8C8083AB-7943-44FA-B1AD-8E3ABD5D66EE,12-09-14 9:15
22697,2874,NA,7,AW00022697,5FA7C252-78CE-4F17-AC75-E6020A3A74DE,12-09-14 9:15
17510,5399,NA,9,AW00017510,52F50810-F535-4E98-85E3-95888C9F122C,12-09-14 9:15
26612,6241,NA,4,AW00026612,C819CDC8-1203-4A53-9B4D-14785DD79B8B,12-09-14 9:15
21797,18772,NA,1,AW00021797,74B4F8F4-89E2-4027-ABA9-6582C343AE05,12-09-14 9:15
16914,9714,NA,1,AW00016914,075BED91-3E13-43EE-8C25-E9C4C2DA4A02,12-09-14 9:15
27817,17682,NA,10,AW00027817,5EA24EC1-8006-459B-B71D-E3C15412C397,12-09-14 9:15
20410,5095,NA,1,AW00020410,E49414D2-B692-4C47-B7D3-C14B4191BD8A,12-09-14 9:15
22567,5703,NA,7,AW00022567,7BEB355B-3BC6-43CE-AE38-75BD0DF80E66,12-09-14 9:15
21521,13978,NA,7,AW00021521,2CB01B79-4194-4EAB-B36D-F313CAC9B7BA,12-09-14 9:15
13237,15845,NA,4,AW00013237,031916B8-FA96-45EF-82FF-96A5B5C7DF24,12-09-14 9:15
21995,19932,NA,9,AW00021995,477A57B3-B6A6-403A-9A91-9FCED8397DE0,12-09-14 9:15
17961,18811,NA,10,AW00017961,AF68EDCF-BF23-4773-B9EA-8F1B76FFED5C,12-09-14 9:15
13798,7431,NA,10,AW00013798,2B5C0005-D368-4B5B-B7EC-3ECB09B00155,12-09-14 9:15
17845,9671,NA,8,AW00017845,A938550A-09B7-4D7C-97F6-1A18CB937323,12-09-14 9:15
21477,8406,NA,4,AW00021477,99B0101C-721E-414E-B079-5C7FF1AC155C,12-09-14 9:15
15369,15895,NA,1,AW00015369,EAEE71B7-6D70-4531-B1F6-4065AB46E829,12-09-14 9:15
17268,20201,NA,1,AW00017268,3580F574-6EA9-4432-A6C1-5D9C775AF030,12-09-14 9:15
12256,13957,NA,7,AW00012256,7EDCDDAD-E6EA-4FAA-8499-B63D9610CE2F,12-09-14 9:15
24531,5054,NA,8,AW00024531,064033E1-7CFA-4E3B-B5B1-84CBBD53EE41,12-09-14 9:15
14189,14199,NA,8,AW00014189,36C6DD48-670B-4EB8-845D-7BE5C4D03654,12-09-14 9:15
17028,19609,NA,1,AW00017028,2DBB6B06-9123-4373-8064-86CFCC998C05,12-09-14 9:15
11035,13948,NA,9,AW00011035,064D6203-B7DD-4876-9E19-E1D1F0A84C09,12-09-14 9:15
22365,14721,NA,4,AW00022365,2CBBC417-F132-4278-948D-AA081A81D9D2,12-09-14 9:15
23062,2686,NA,1,AW00023062,0DA09E60-C1F3-4F00-A52A-C668006E8402,12-09-14 9:15
19674,16278,NA,9,AW00019674,2763887D-23A8-4ECD-B4CD-BF2DEF55A990,12-09-14 9:15
15987,19939,NA,1,AW00015987,982457A0-1C40-4DD1-8CAA-5A57631719C1,12-09-14 9:15
19670,19284,NA,4,AW00019670,8B6EE324-44DA-4E2E-B549-D4D3178EF98D,12-09-14 9:15
14938,5984,NA,10,AW00014938,1E151B4C-401C-4166-8451-E1E668068D5B,12-09-14 9:15
26476,5181,NA,4,AW00026476,E1D27C55-5FC5-4CB1-BED2-69B7148A2E49,12-09-14 9:15
14229,15879,NA,9,AW00014229,4C1D98BA-C090-4A1B-A055-1908332C46C0,12-09-14 9:15
528,NA,1458,4,AW00000528,1264D83B-3ABB-4A87-B473-E30B96F55BB6,12-09-14 9:15
29904,1219,1220,10,AW00029904,81464994-524B-4735-A5A7-1E88770AE0B0,12-09-14 9:15
24405,20013,NA,4,AW00024405,D1228ACB-1D74-4AB7-ACF4-13ABE8EFAD05,12-09-14 9:15
