Invoice_ID,Product_ID,Quantity,Unit_Price,Tax
789-23-8625,p_06,3,93.22,13.983
446-47-6729,p_06,2,99.82,9.982
278-97-7759,p_02,1,62.48,3.124
266-76-6436,p_05,3,38.6,5.79
163-56-7055,p_06,1,48.71,2.4355
788-07-8452,p_03,7,24.24,8.484
109-86-4363,p_04,7,60.08,21.028
607-76-6216,p_06,5,92.49,23.1225
869-11-3082,p_01,4,96.16,19.232
636-17-0325,p_01,4,62.57,12.514
805-86-0265,p_03,9,93.96,42.282
389-25-3394,p_02,5,11.81,2.9525
437-58-8131,p_06,2,73.52,7.352
387-49-4215,p_04,3,48.5,7.275
560-30-5617,p_04,5,24.77,6.1925
838-78-4295,p_01,2,33.47,3.347
308-47-4913,p_04,10,52.26,26.13
827-44-5872,p_05,10,54.36,27.18
875-31-8302,p_04,1,93.38,4.669
181-94-6432,p_06,2,69.33,6.933
746-54-5508,p_03,6,21.52,6.456
366-43-6862,p_02,4,52.89,10.578
840-76-5966,p_04,2,12.76,1.276
883-17-4236,p_04,2,14.39,1.439
842-40-8179,p_05,10,77.2,38.6
477-24-6490,p_01,6,99.71,29.913
279-74-2924,p_02,1,72.17,3.6085
219-61-4139,p_02,1,83.08,4.154
670-79-6321,p_03,7,94.59,33.1065
817-69-8206,p_02,9,99.73,44.8785
394-55-6384,p_04,9,70.19,31.5855
232-11-3025,p_04,10,78.77,39.385
459-45-2396,p_05,3,99.6,14.94
327-40-9673,p_04,6,72.6,21.78
595-86-2894,p_06,4,96.98,19.396
821-07-3596,p_06,4,16.45,3.29
256-08-8343,p_03,4,56.53,11.306
787-87-2010,p_01,4,55.5,11.1
325-89-4209,p_05,1,87.9,4.395
471-06-8611,p_05,1,52.42,2.621
628-90-8624,p_01,10,82.58,41.29
287-83-1405,p_01,6,25.43,7.629
320-85-2052,p_04,1,34.81,1.7405
759-98-4285,p_01,7,85.87,30.0545
676-39-6028,p_02,5,64.44,16.11
785-96-0615,p_02,8,35.74,14.296
123-19-1176,p_01,8,58.22,23.288
133-14-7229,p_01,2,62.87,6.287
891-58-8335,p_04,7,29.61,10.3635
645-78-8093,p_04,2,93.14,9.314
828-61-5674,p_04,10,44.02,22.01
826-58-8051,p_03,4,62.19,12.438
420-18-8989,p_04,8,51.52,20.608
408-26-9866,p_04,7,73.98,25.893
563-47-4072,p_01,6,55.81,16.743
450-42-3339,p_01,10,84.61,42.305
518-71-6847,p_05,6,26.6,7.98
182-69-8360,p_02,4,23.65,4.73
365-64-0515,p_02,5,46.95,11.7375
595-94-9924,p_01,5,27.73,6.9325
549-59-1358,p_04,3,88.63,13.2945
704-20-4138,p_01,7,29.67,10.3845
569-71-4390,p_04,2,21.87,2.187
339-96-8318,p_06,7,81.31,28.4585
725-32-9708,p_06,4,68.71,13.742
530-90-9855,p_03,8,47.59,19.036
801-88-0346,p_06,3,76.06,11.409
778-89-7974,p_01,6,70.21,21.063
299-29-0180,p_03,7,52.18,18.263
695-51-0018,p_04,4,34.84,6.968
864-24-7918,p_04,10,24.49,12.245
413-20-6708,p_06,1,51.47,2.5735
257-60-7754,p_02,4,50.23,10.046
730-61-8757,p_01,4,51.13,10.226
766-85-7061,p_01,10,87.87,43.935
686-41-0932,p_06,2,34.7,3.47
118-62-1812,p_03,4,78.38,15.676
549-96-4200,p_05,4,17.04,3.408
102-77-2261,p_01,7,65.31,22.8585
565-17-3836,p_01,4,47.67,9.534
505-02-0892,p_01,8,42.57,17.028
562-12-5430,p_06,3,88.15,13.2225
745-71-3520,p_02,7,25.22,8.827
404-91-5964,p_02,7,74.58,26.103
678-79-0726,p_04,9,90.63,40.7835
803-17-8013,p_03,8,88.79,35.516
563-91-7120,p_06,5,61.77,15.4425
608-96-3517,p_06,4,91.54,18.308
747-58-7183,p_06,3,57.27,8.5905
726-27-2396,p_01,5,77.5,19.375
490-95-0021,p_05,10,33.21,16.605
378-07-7001,p_02,3,48.09,7.2135
459-50-7686,p_02,6,23.46,7.038
727-02-1313,p_05,1,31.84,1.592
707-32-7409,p_04,4,95.54,19.108
764-44-8999,p_01,2,14.76,1.476
633-09-3463,p_02,3,47.65,7.1475
884-80-6021,p_02,10,73.47,36.735
761-49-0439,p_02,8,12.1,4.84
877-22-3308,p_01,10,15.87,7.935
534-53-3526,p_04,4,94.76,18.952
407-63-8975,p_05,6,73.88,22.164
584-66-4073,p_06,1,56.5,2.825
652-43-6591,p_06,8,97.29,38.916
606-80-4905,p_04,6,19.15,5.745
372-62-5264,p_05,9,52.6,23.67
346-12-3257,p_02,9,19.24,8.658
287-21-9091,p_03,9,74.67,33.6015
716-39-1409,p_01,7,30.35,10.6225
291-32-1427,p_06,5,21.94,5.485
493-65-6248,p_04,10,36.98,18.49
355-34-6244,p_05,2,72.39,7.239
321-49-7382,p_04,1,88.31,4.4155
186-71-5196,p_05,2,79.54,7.954
286-75-7818,p_06,2,69.08,6.908
679-22-6530,p_04,2,40.62,4.062
627-95-3243,p_03,9,77.68,34.956
721-86-6247,p_03,8,63.42,25.368
613-59-9758,p_04,10,14.36,7.18
848-42-2560,p_06,2,81.91,8.191
318-12-0304,p_06,1,30.61,1.5305
142-72-4741,p_06,2,93.2,9.32
267-62-7380,p_02,10,82.34,41.17
731-81-9469,p_04,10,89.8,44.9
458-10-8612,p_01,7,64.08,22.428
565-80-5980,p_03,4,47.38,9.476
715-20-1673,p_02,5,28.38,7.095
605-03-2706,p_01,3,15.8,2.37
138-17-5109,p_03,9,89.21,40.1445
573-98-8548,p_06,1,31.9,1.595
880-46-5796,p_04,10,76.92,38.46
235-06-8510,p_03,3,85.72,12.858
891-01-7034,p_02,6,74.71,22.413
423-64-4619,p_01,9,15.55,6.9975
807-34-3742,p_06,1,52.38,2.619
144-51-6085,p_03,4,70.74,14.148
201-63-8275,p_04,7,67.99,23.7965
318-81-2368,p_02,1,46.2,2.31
620-02-2046,p_03,2,69.4,6.94
452-04-8808,p_02,7,87.08,30.478
209-61-0206,p_03,5,42.91,10.7275
649-29-6775,p_06,1,33.52,1.676
393-65-2792,p_05,10,89.48,44.74
355-53-5943,p_02,6,68.84,20.652
102-06-2002,p_04,5,25.25,6.3125
460-35-4390,p_03,3,30.68,4.602
728-47-9078,p_05,4,59.59,11.918
372-26-1506,p_06,5,23.82,5.955
857-67-9057,p_02,10,22.95,11.475
468-01-2051,p_05,7,62.08,21.728
633-91-1052,p_03,2,12.03,1.203
438-01-4015,p_04,4,49.49,9.898
755-12-3214,p_06,5,44.22,11.055
340-21-9136,p_04,4,40.05,8.01
305-89-2768,p_03,3,21.9,3.285
840-19-2096,p_02,5,87.91,21.9775
268-03-6164,p_01,1,96.11,4.8055
704-48-3927,p_02,10,88.67,44.335
227-50-3718,p_01,5,14.62,3.655
631-34-1880,p_05,3,24.31,3.6465
651-96-5970,p_06,1,46.41,2.3205
817-48-8732,p_03,10,72.35,36.175
450-28-2866,p_05,5,17.44,4.36
379-17-6588,p_06,10,59.61,29.805
400-45-1220,p_01,10,13.5,6.75
845-94-6841,p_05,9,72.88,32.796
760-54-1821,p_03,9,13.59,6.1155
706-36-6154,p_03,9,19.36,8.712
149-14-0304,p_01,8,28.5,11.4
338-65-2210,p_01,10,68.6,34.3
589-02-8023,p_05,2,83.77,8.377
130-98-8941,p_06,7,64.26,22.491
382-03-4532,p_01,1,18.33,0.9165
710-46-4433,p_05,9,77.4,34.83
186-79-9562,p_01,7,71.77,25.1195
173-57-2300,p_04,2,72.88,7.288
106-35-6779,p_03,2,44.34,4.434
862-59-8517,p_05,6,90.24,27.072
242-55-6721,p_03,2,16.16,1.616
667-92-0055,p_01,6,99.83,29.949
290-68-2984,p_03,4,23.75,4.75
226-31-3081,p_02,5,15.28,3.82
301-11-9629,p_04,7,19.1,6.685
605-72-4132,p_05,8,94.47,37.788
152-08-9985,p_01,9,64.36,28.962
221-25-5073,p_05,4,74.66,14.932
662-47-5456,p_06,10,35.19,17.595
852-62-7105,p_06,10,83.25,41.625
269-10-8440,p_01,7,53.17,18.6095
851-98-3555,p_01,5,82.88,20.72
333-73-7901,p_01,8,54.92,21.968
695-09-5146,p_05,3,98.79,14.8185
315-22-5665,p_03,10,73.56,36.78
244-08-0162,p_01,10,34.21,17.105
629-42-4133,p_01,8,21.8,8.72
770-42-8960,p_05,8,21.12,8.448
451-73-2711,p_05,1,84.83,4.2415
142-63-6033,p_03,5,92.36,23.09
744-09-5786,p_02,6,22.01,6.603
262-47-2794,p_03,8,71.86,28.744
712-39-0363,p_05,6,41.66,12.498
234-36-2483,p_01,6,57.59,17.277
487-79-6868,p_03,9,12.29,5.5305
554-53-3790,p_04,6,37.02,11.106
885-17-6250,p_01,1,79.74,3.987
198-66-9832,p_06,2,72.04,7.204
744-02-5987,p_03,6,78.38,23.514
381-20-0914,p_06,9,20.01,9.0045
258-69-7810,p_06,5,36.85,9.2125
380-60-5336,p_02,10,40.26,20.13
137-74-8729,p_06,8,12.19,4.876
740-11-5257,p_02,10,24.74,12.37
497-36-0989,p_06,3,51.94,7.791
889-04-9723,p_05,4,89.14,17.828
498-41-1961,p_01,5,66.68,16.67
305-18-3552,p_03,10,60.38,30.19
220-28-1851,p_03,2,34.73,3.473
799-71-1548,p_02,4,77.72,15.544
155-45-3814,p_02,8,88.55,35.42
305-03-2383,p_05,3,67.1,10.065
838-02-1821,p_03,2,12.73,1.273
433-75-6987,p_01,7,55.97,19.5895
489-64-4354,p_06,1,16.28,0.814
836-82-5858,p_01,9,69.37,31.2165
186-09-3669,p_01,1,81.51,4.0755
554-42-2417,p_04,10,95.44,47.72
371-85-5789,p_01,3,87.98,13.197
189-98-2939,p_06,9,78.55,35.3475
347-34-2234,p_04,9,55.07,24.7815
241-11-2261,p_06,7,79.86,27.951
540-11-4336,p_05,9,24.94,11.223
359-94-5395,p_01,1,92.78,4.639
828-46-6863,p_05,6,98.53,29.559
211-30-9270,p_01,5,17.41,4.3525
445-30-9252,p_04,3,25.7,3.855
729-09-9681,p_03,6,25.91,7.773
291-59-1384,p_02,1,60.3,3.015
195-06-0432,p_03,3,81.01,12.1515
431-66-2305,p_02,9,88.25,39.7125
512-98-1403,p_02,3,26.48,3.972
503-07-0930,p_04,7,58.39,20.4365
232-16-2483,p_04,1,68.12,3.406
751-41-9720,p_03,10,97.5,48.75
356-44-8813,p_03,3,37.48,5.622
300-71-4605,p_02,5,86.04,21.51
457-12-0244,p_04,6,35.22,10.566
849-09-3807,p_06,7,88.34,30.919
136-08-6195,p_03,8,69.96,27.984
173-82-9529,p_06,10,37.95,18.975
698-98-5964,p_05,10,81.21,40.605
834-61-8124,p_02,7,51.69,18.0915
659-36-1684,p_04,7,57.12,19.992
123-35-4896,p_04,9,46.66,20.997
400-89-4171,p_04,8,80.97,32.388
200-16-5952,p_05,2,65.65,6.565
239-10-7476,p_03,6,77.95,23.385
307-04-2070,p_06,1,30.62,1.531
648-83-1321,p_03,10,63.56,31.78
466-61-5506,p_02,6,90.7,27.21
485-30-8700,p_04,5,33.26,8.315
483-71-1164,p_01,6,81.3,24.39
689-16-9784,p_05,6,46.77,14.031
443-82-0585,p_01,4,77.68,15.536
895-66-0685,p_05,3,18.08,2.712
811-03-8790,p_02,10,45.48,22.74
511-54-3087,p_04,1,88.45,4.4225
548-48-3156,p_05,2,83.34,8.334
234-03-4040,p_05,10,73.05,36.525
880-35-0356,p_04,3,75.2,11.28
866-70-2814,p_02,10,52.79,26.395
883-69-1285,p_06,2,49.92,4.992
334-64-2006,p_03,2,70.32,7.032
807-14-7833,p_02,10,17.42,8.71
326-71-2155,p_04,4,73.95,14.79
160-22-2687,p_01,5,95.95,23.9875
886-77-9084,p_02,8,71.89,28.756
225-98-1496,p_06,3,27.02,4.053
541-08-3113,p_05,8,65.97,26.388
526-86-8552,p_03,10,21.82,10.91
588-01-7461,p_05,9,33.98,15.291
825-94-5922,p_04,2,25.31,2.531
172-42-8274,p_02,2,38.27,3.827
213-32-1216,p_02,6,66.06,19.818
803-83-5989,p_03,6,55.73,16.719
850-41-9669,p_02,9,75.06,33.777
274-05-5470,p_05,4,73.47,14.694
668-90-8900,p_03,7,93.69,32.7915
544-32-5024,p_05,4,49.79,9.958
845-51-0542,p_05,9,46.55,20.9475
109-28-2512,p_06,6,97.61,29.283
539-21-7227,p_04,5,51.54,12.885
308-39-1707,p_06,1,12.09,0.6045
574-22-5561,p_06,10,82.63,41.315
575-30-8091,p_04,8,72.5,29
416-17-9926,p_02,10,74.22,37.11
545-46-3100,p_02,3,10.59,1.5885
834-25-9262,p_06,4,81.68,16.336
640-49-2076,p_04,8,83.78,33.512
655-85-5130,p_06,4,38.3,7.66
585-11-6748,p_04,3,96.8,14.52
333-23-2632,p_01,7,10.08,3.528
732-67-5346,p_05,5,13.79,3.4475
649-11-3678,p_05,9,22.93,10.3185
277-63-2961,p_04,1,73.97,3.6985
741-73-3559,p_04,5,67.27,16.8175
406-46-7107,p_03,6,96.52,28.956
199-75-8169,p_04,10,15.81,7.905
795-49-7276,p_06,4,37.15,7.43
418-02-5978,p_01,9,84.09,37.8405
489-82-1237,p_02,7,93.88,32.858
556-97-7101,p_02,2,63.22,6.322
228-96-1411,p_05,8,98.7,39.48
509-29-3912,p_04,9,38.72,17.424
303-96-2227,p_03,10,97.38,48.69
319-74-2561,p_02,3,94.64,14.196
600-38-9738,p_04,5,71.92,17.98
744-16-7898,p_03,10,97.37,48.685
595-27-4851,p_06,7,54.28,18.998
551-21-3069,p_02,9,23.07,10.3815
574-80-1489,p_05,4,62.85,12.57
586-25-0848,p_04,7,12.34,4.319
134-54-4720,p_02,8,42.42,16.968
105-31-1824,p_04,7,69.52,24.332
677-11-0152,p_05,9,93.26,41.967
776-68-1096,p_03,3,44.12,6.618
566-19-5475,p_06,7,47.97,16.7895
441-94-7118,p_02,1,71.95,3.5975
642-30-6693,p_04,6,54.51,16.353
139-20-0155,p_02,10,40.3,20.15
176-78-1170,p_01,3,33.81,5.0715
212-62-1842,p_05,6,58.26,17.478
593-65-1552,p_03,4,69.81,13.962
612-36-5536,p_05,8,80.96,32.384
603-07-0961,p_02,5,74.79,18.6975
285-68-5083,p_04,3,24.74,3.711
831-81-6575,p_02,9,75.59,34.0155
672-51-8681,p_02,9,66.65,29.9925
226-34-0034,p_02,4,13.78,2.756
263-10-3913,p_06,9,49.04,22.068
894-41-5205,p_05,8,43.18,17.272
120-06-4233,p_02,6,30.61,9.183
169-52-4504,p_02,3,15.69,2.3535
700-81-1757,p_02,5,26.31,6.5775
124-31-1458,p_02,3,79.59,11.9385
528-87-5606,p_02,1,39.48,1.974
647-50-1224,p_06,10,29.42,14.71
732-94-0499,p_02,10,41.65,20.825
414-12-7047,p_05,8,19.79,7.916
670-71-7306,p_04,6,44.63,13.389
443-60-9639,p_03,1,60.87,3.0435
588-47-8641,p_06,10,56.04,28.02
237-44-6163,p_02,8,10.56,4.224
241-96-5076,p_03,2,49.1,4.91
743-88-1662,p_04,7,95.49,33.4215
719-76-3868,p_05,4,94.26,18.852
250-81-7186,p_02,1,99.69,4.9845
804-38-3935,p_02,3,93.78,14.067
528-14-9470,p_01,1,91.3,4.565
779-42-2410,p_05,3,57.74,8.661
186-43-8965,p_03,2,47.68,4.768
236-86-3015,p_03,1,13.98,0.699
301-81-8610,p_06,8,25.42,10.168
151-33-7434,p_05,1,67.77,3.3885
269-04-5750,p_06,4,73.82,14.764
434-83-9547,p_05,8,38.47,15.388
582-52-8065,p_06,9,54.31,24.4395
584-86-7256,p_04,7,34.56,12.096
258-92-7466,p_01,5,35.68,8.92
725-96-3778,p_03,8,89.25,35.7
374-17-3652,p_05,9,42.82,19.269
316-66-3011,p_05,9,47.63,21.4335
857-16-3520,p_06,7,71.46,25.011
247-11-2470,p_06,4,22.32,4.464
276-75-6884,p_01,3,68.71,10.3065
345-08-4992,p_03,6,33.99,10.197
313-66-9943,p_05,3,29.15,4.3725
322-02-2271,p_04,3,42.97,6.4455
349-97-8902,p_05,2,57.89,5.789
390-80-5128,p_01,1,19.15,0.9575
148-82-2527,p_03,10,12.12,6.06
525-09-8450,p_02,10,72.13,36.065
490-29-1201,p_04,1,15.34,0.767
358-88-9262,p_05,6,87.48,26.244
775-72-1988,p_03,5,73.28,18.32
609-81-8548,p_03,6,37.44,11.232
243-55-8457,p_05,10,74.44,37.22
129-29-8530,p_04,5,62.62,15.655
409-33-9708,p_06,2,98.48,9.848
284-54-4231,p_04,1,80.93,4.0465
616-87-0016,p_06,7,95.54,33.439
115-99-4379,p_06,7,54.73,19.1555
390-17-5806,p_05,1,38.42,1.921
865-92-6136,p_05,3,52.75,7.9125
462-78-5240,p_02,2,26.61,2.661
831-64-0259,p_06,5,39.75,9.9375
824-88-3614,p_01,8,34.31,13.724
525-88-7307,p_04,1,75.82,3.791
556-41-6224,p_01,8,33.64,13.456
369-82-2676,p_02,5,75.66,18.915
704-10-4056,p_01,3,60.47,9.0705
843-73-4724,p_06,1,74.1,3.705
434-35-9162,p_05,4,23.34,4.668
714-02-3114,p_04,2,98.8,9.88
731-14-2199,p_03,10,35.54,17.77
873-51-0671,p_04,7,21.98,7.693
227-78-1148,p_06,7,72.84,25.494
728-88-7867,p_03,4,75.53,15.106
480-63-2856,p_05,8,19.25,7.7
800-09-8606,p_03,5,87.37,21.8425
275-28-0149,p_04,1,63.69,3.1845
843-01-4703,p_03,9,35.38,15.921
442-48-3607,p_05,2,23.48,2.348
794-42-3736,p_05,2,33.33,3.333
362-58-8315,p_06,5,76.52,19.13
457-94-0464,p_02,9,87.87,39.5415
604-70-6476,p_06,5,17.94,4.485
227-07-4446,p_02,10,78.13,39.065
816-72-8853,p_04,5,27.93,6.9825
512-91-0811,p_01,1,89.75,4.4875
596-42-3999,p_05,7,18.22,6.377
659-65-8956,p_06,1,51.36,2.568
131-15-8856,p_05,8,72.52,29.008
870-54-3162,p_04,5,32.25,8.0625
871-39-9221,p_02,6,12.45,3.735
189-17-4241,p_06,2,87.67,8.767
189-52-0236,p_02,7,99.55,34.8425
390-31-6381,p_05,3,27.22,4.083
510-09-5628,p_06,10,19.66,9.83
663-86-9076,p_05,8,68.54,27.416
655-07-2265,p_02,3,78.31,11.7465
593-95-4461,p_03,1,74.86,3.743
375-72-3056,p_04,3,63.06,9.459
283-26-5248,p_05,10,98.52,49.26
577-34-7579,p_05,9,50.49,22.7205
516-77-6464,p_01,5,10.16,2.54
642-61-4706,p_05,2,93.4,9.34
409-49-6995,p_05,6,47.27,14.181
443-59-0061,p_05,10,67.45,33.725
339-38-9982,p_06,2,59.86,5.986
660-29-7083,p_02,10,55.87,27.935
605-83-1050,p_06,2,27.18,2.718
641-62-7288,p_03,6,99.92,29.976
220-68-6701,p_03,4,77.47,15.494
239-36-3640,p_02,6,45.35,13.605
531-56-4728,p_03,3,80.08,12.012
568-90-5112,p_01,4,66.14,13.228
243-47-2663,p_02,6,18.77,5.631
541-48-8554,p_04,9,60.95,27.4275
848-07-1692,p_01,2,57.22,5.722
892-05-6689,p_03,5,28.32,7.08
628-34-3388,p_06,6,27.38,8.214
859-97-6048,p_02,2,84.25,8.425
127-47-6963,p_01,4,51.71,10.342
448-81-5016,p_01,2,59.77,5.977
122-61-9553,p_02,9,51.32,23.094
482-17-1179,p_02,3,11.94,1.791
148-41-7930,p_01,7,99.96,34.986
556-86-3144,p_06,1,74.29,3.7145
735-06-4124,p_05,1,48.61,2.4305
411-77-0180,p_02,7,72.2,25.27
478-06-7835,p_06,1,89.69,4.4845
436-54-4512,p_05,1,91.61,4.5805
374-38-5555,p_06,5,63.71,15.9275
190-14-3147,p_01,4,17.97,3.594
156-20-0370,p_02,1,25.45,1.2725
396-90-2219,p_02,8,14.96,5.984
135-84-8019,p_06,9,77.93,35.0685
225-32-0908,p_04,10,44.86,22.43
674-56-6360,p_02,1,95.15,4.7575
460-93-5834,p_04,7,45.58,15.953
360-39-5055,p_04,5,48.91,12.2275
157-13-5295,p_01,10,51.94,25.97
777-82-7220,p_03,8,30.12,12.048
727-75-6477,p_02,4,28.84,5.768
110-48-7033,p_06,4,32.62,6.524
645-44-1170,p_03,9,58.07,26.1315
314-23-4520,p_01,7,81.23,28.4305
428-83-5800,p_05,3,21.08,3.162
477-59-2456,p_06,7,45.44,15.904
760-90-2357,p_02,6,74.51,22.353
548-46-9322,p_05,10,39.9,19.95
796-12-2025,p_06,10,62.12,31.06
687-15-1097,p_01,2,21.12,2.112
286-01-5402,p_04,7,40.23,14.0805
834-45-5519,p_02,4,43,8.6
132-32-9879,p_02,4,93.96,18.792
252-56-2699,p_05,10,43.19,21.595
726-29-6793,p_02,8,24.18,9.672
743-04-1105,p_01,9,97.22,43.749
886-18-2897,p_05,5,56.56,14.14
307-83-9164,p_03,4,60.01,12.002
861-77-0145,p_02,10,81.97,40.985
815-11-1168,p_05,5,99.78,24.945
151-27-8496,p_02,4,56.13,11.226
237-01-6122,p_03,9,80.79,36.3555
709-58-4068,p_06,10,41.09,20.545
782-95-9291,p_05,5,92.29,23.0725
829-34-3910,p_01,10,71.38,35.69
783-09-1637,p_04,5,67.43,16.8575
711-31-1234,p_02,4,95.64,19.128
835-16-0096,p_04,5,14.7,3.675
860-73-6466,p_04,2,39.47,3.947
866-99-7614,p_05,10,89.2,44.6
624-01-8356,p_03,10,49.01,24.505
166-19-2553,p_04,6,89.06,26.718
699-14-3026,p_02,7,85.39,29.8865
271-88-8734,p_06,10,97.21,48.605
189-40-5216,p_02,7,96.37,33.7295
749-24-1565,p_01,9,23.03,10.3635
233-67-5758,p_01,1,40.35,2.0175
546-80-2899,p_03,2,37.69,3.769
565-67-6697,p_03,9,27,12.15
420-04-7590,p_03,3,99.7,14.955
617-15-4209,p_01,2,15.37,1.537
210-57-1719,p_01,9,58.24,26.208
746-19-0921,p_05,1,21.58,1.079
549-23-9016,p_05,2,14.87,1.487
449-27-2918,p_04,1,39.12,1.956
529-56-3974,p_02,4,25.51,5.102
866-05-7563,p_02,3,81.4,12.21
501-61-1753,p_03,6,63.15,18.945
153-58-4872,p_05,4,74.89,14.978
669-54-1719,p_02,6,18.93,5.679
641-51-2661,p_05,10,87.1,43.55
339-12-4827,p_06,1,73.96,3.698
427-45-9297,p_03,7,40.73,14.2555
320-49-6392,p_02,1,30.24,1.512
154-74-7179,p_04,1,54.45,2.7225
503-21-4385,p_01,3,39.91,5.9865
532-59-7201,p_04,6,79.93,23.979
865-41-9075,p_05,7,11.53,4.0355
787-56-0757,p_05,4,80.36,16.072
514-37-2845,p_06,2,99.25,9.925
809-69-9497,p_03,10,45.68,22.84
200-40-6154,p_03,6,65.91,19.773
227-03-5010,p_03,8,52.59,21.036
497-37-6538,p_04,7,58.91,20.6185
559-98-9873,p_06,7,53.65,18.7775
289-15-7034,p_04,4,82.33,16.466
784-21-9238,p_04,1,10.17,0.5085
737-88-5876,p_03,4,23.29,4.658
886-54-6089,p_03,6,11.43,3.429
286-62-6248,p_06,4,39.21,7.842
351-62-0822,p_06,4,14.48,2.896
239-48-4278,p_05,7,10.13,3.5455
730-70-9830,p_03,6,70.11,21.033
433-08-7822,p_01,7,78.89,27.6115
133-77-3154,p_06,4,60.18,12.036
634-97-8956,p_05,3,32.9,4.935
426-39-2418,p_02,7,61.41,21.4935
635-40-6220,p_01,8,89.6,35.84
126-54-1082,p_03,9,21.54,9.693
354-39-5160,p_03,6,34.42,10.326
720-72-2436,p_05,4,66.52,13.304
191-10-6171,p_06,7,39.62,13.867
394-30-3170,p_04,8,88.43,35.372
296-11-7041,p_01,1,27.07,1.3535
288-62-1085,p_06,5,38.54,9.635
382-25-8917,p_06,6,42.08,12.624
376-02-8238,p_03,8,93.87,37.548
733-33-4967,p_02,8,20.85,8.34
449-16-6770,p_01,5,50.79,12.6975
583-72-1480,p_02,4,37.06,7.412
642-32-2990,p_05,10,10.96,5.48
550-84-8664,p_04,5,85.91,21.4775
401-18-8016,p_04,1,98.13,4.9065
471-41-2823,p_05,2,99.79,9.979
531-80-1784,p_02,7,26.02,9.107
549-03-9315,p_06,8,94.87,37.948
871-79-8483,p_06,5,94.13,23.5325
797-88-0493,p_01,4,64.27,12.854
793-10-3222,p_01,6,41.06,12.318
862-17-9201,p_05,6,84.05,25.215
648-94-3045,p_01,10,58.95,29.475
196-01-2849,p_06,7,73.38,25.683
777-67-2495,p_03,3,68.97,10.3455
340-66-0321,p_02,4,36.36,7.272
468-88-0009,p_03,4,65.94,13.188
887-42-0517,p_04,7,83.14,29.099
430-53-4718,p_01,8,75.37,30.148
533-33-5337,p_02,10,79.39,39.695
448-34-8700,p_03,7,36.91,12.9185
602-80-9671,p_03,6,15.95,4.785
534-01-4457,p_05,6,81.71,24.513
841-35-6630,p_02,6,75.91,22.773
181-82-6255,p_03,6,16.37,4.911
856-22-8149,p_03,1,25.29,1.2645
263-87-5680,p_03,10,28.53,14.265
222-42-0244,p_01,9,72.11,32.4495
569-76-2760,p_04,4,22.01,4.402
346-84-3103,p_02,5,13.22,3.305
214-17-6927,p_05,6,16.48,4.944
851-28-6367,p_04,10,15.5,7.75
730-50-9884,p_04,7,83.06,29.071
152-68-2907,p_05,3,52.2,7.83
210-67-5886,p_01,3,98.21,14.7315
859-71-0933,p_04,2,15.49,1.549
725-67-2480,p_06,6,58.75,17.625
219-22-9386,p_04,9,99.96,44.982
462-67-9126,p_03,6,73.22,21.966
324-41-6833,p_02,8,30.2,12.08
778-71-5554,p_06,1,15.43,0.7715
856-66-2701,p_03,3,53.3,7.995
509-10-0516,p_03,4,45.97,9.194
272-65-1806,p_02,9,60.88,27.396
640-48-5028,p_03,9,88.39,39.7755
280-17-4359,p_01,10,90.5,45.25
756-93-1854,p_06,2,83.35,8.335
470-31-3286,p_01,3,14.82,2.223
440-59-5691,p_01,7,37.15,13.0025
692-92-5582,p_05,3,54.84,8.226
271-77-8740,p_04,6,29.22,8.766
699-88-1972,p_01,8,99.16,39.664
618-34-8551,p_04,2,93.18,9.318
687-47-8271,p_06,10,98.98,49.49
667-23-5919,p_06,5,96.7,24.175
533-66-5566,p_03,7,51.07,17.8745
279-62-1445,p_06,1,12.54,0.627
635-28-5728,p_01,3,56,8.4
746-04-1077,p_05,10,84.63,42.315
418-05-0656,p_06,7,25.56,8.946
246-11-3901,p_02,10,32.8,16.4
852-82-2749,p_04,4,64.59,12.918
288-38-3758,p_06,3,84.87,12.7305
537-72-0426,p_06,10,70.99,35.495
638-60-7125,p_02,8,99.56,39.824
458-41-1477,p_01,6,46.26,13.878
636-48-8204,p_02,5,34.56,8.64
881-41-7302,p_06,1,64.99,3.2495
556-72-8512,p_03,1,22.96,1.148
552-44-5977,p_01,8,62,24.8
592-46-1692,p_05,7,36.77,12.8695
796-32-9050,p_05,6,51.28,15.384
470-32-9057,p_05,5,51.34,12.835
790-38-4466,p_01,5,10.99,2.7475
767-97-4650,p_04,2,64.83,6.483
101-81-4070,p_01,2,62.82,6.282
848-95-6252,p_03,1,86.27,4.3135
146-09-5432,p_05,9,35.04,15.768
110-05-6330,p_05,6,39.43,11.829
767-05-1286,p_03,6,83.77,25.131
760-53-9233,p_06,3,41.28,6.192
423-57-2993,p_04,6,93.39,28.017
748-45-2862,p_03,4,28.31,5.662
318-68-5053,p_01,6,76.99,23.097
125-45-2293,p_06,6,99.1,29.73
732-04-5373,p_03,4,46.47,9.294
630-74-5166,p_04,6,62.13,18.639
651-88-7328,p_06,9,65.74,29.583
830-58-2383,p_03,4,31.75,6.35
607-65-2441,p_01,10,81.95,40.975
316-68-6352,p_05,2,36.36,3.636
781-84-8059,p_06,7,60.74,21.259
373-09-4567,p_05,10,77.56,38.78
701-69-8742,p_04,10,34.37,17.185
750-57-9686,p_03,4,45.38,9.076
746-94-0204,p_06,9,83.24,37.458
898-04-2717,p_06,9,76.4,34.38
597-78-7908,p_06,3,90.22,13.533
756-49-0168,p_06,1,19.7,0.985
725-56-0833,p_01,10,32.32,16.16
598-06-7312,p_06,1,91.35,4.5675
105-10-6182,p_06,2,21.48,2.148
870-72-4431,p_01,6,99.19,29.757
305-14-0245,p_03,8,94.49,37.796
788-21-5741,p_06,3,45.38,6.807
188-55-0967,p_01,10,66.47,33.235
343-61-3544,p_04,10,26.67,13.335
816-57-2053,p_04,2,60.87,6.087
276-54-0879,p_04,4,97.74,19.548
308-81-0538,p_06,4,73.05,14.61
254-31-0042,p_02,9,21.5,9.675
213-72-6612,p_05,2,43.25,4.325
399-46-5918,p_02,8,85.98,34.392
643-38-7867,p_03,1,97.94,4.897
598-47-9715,p_02,4,84.07,16.814
790-29-1172,p_05,3,57.34,8.601
729-46-7422,p_05,1,35.89,1.7945
359-90-3665,p_06,4,18.08,3.616
370-96-0655,p_06,6,49.32,14.796
719-89-8991,p_04,5,91.41,22.8525
397-25-8725,p_01,9,39.62,17.829
696-90-2548,p_04,3,25.84,3.876
573-58-9734,p_06,3,30.37,4.5555
154-87-7367,p_03,8,65.26,26.104
500-02-2261,p_05,6,57.29,17.187
808-65-0703,p_03,4,35.47,7.094
841-18-8232,p_05,1,71.2,3.56
316-01-3952,p_05,5,54.27,13.5675
394-43-4238,p_03,5,17.77,4.4425
437-53-3084,p_06,2,99.89,9.989
325-77-6186,p_03,10,90.65,45.325
120-54-2248,p_05,5,28.86,7.215
847-38-7188,p_05,3,96.68,14.502
558-80-4082,p_02,7,27.85,9.7475
176-64-7711,p_05,3,32.32,4.848
448-61-3783,p_02,8,90.02,36.008
544-55-9589,p_02,10,21.43,10.715
834-83-1826,p_03,5,82.04,20.51
339-18-7061,p_06,2,92.98,9.298
421-95-9805,p_02,1,28.96,1.448
191-29-0321,p_06,10,19.77,9.885
162-65-8559,p_05,1,68.98,3.449
430-02-3888,p_02,6,46.02,13.806
289-65-5721,p_06,2,81.37,8.137
574-57-9721,p_05,2,43.27,4.327
504-35-8843,p_04,1,42.47,2.1235
639-76-1242,p_05,5,40.52,10.13
868-52-7573,p_05,5,99.69,24.9225
787-15-1757,p_01,4,44.07,8.814
376-56-3573,p_06,4,95.42,19.084
542-41-0513,p_02,4,57.49,11.498
242-11-3142,p_06,2,83.77,8.377
400-80-4065,p_01,4,68.55,13.71
862-29-5914,p_04,1,22.38,1.119
283-79-9594,p_05,7,48.51,16.9785
559-61-5987,p_01,1,17.75,0.8875
400-60-7251,p_03,1,74.07,3.7035
189-55-2313,p_06,10,62.18,31.09
554-53-8700,p_03,2,56.11,5.611
233-34-0817,p_02,1,98.84,4.942
420-97-3340,p_05,3,71.68,10.752
602-16-6955,p_04,10,76.6,38.3
291-55-6563,p_03,6,34.42,10.326
217-58-1179,p_03,4,62.65,12.53
149-61-1929,p_04,10,64.19,32.095
211-05-0490,p_02,5,51.92,12.98
192-98-7397,p_06,1,12.78,0.639
756-01-7507,p_01,5,20.38,5.095
277-35-5865,p_05,9,98.97,44.5365
282-35-2475,p_04,2,93.31,9.331
662-72-2873,p_05,5,40.94,10.235
190-59-3964,p_05,5,47.16,11.79
815-04-6282,p_04,5,64.97,16.2425
767-54-1907,p_06,5,29.56,7.39
848-62-7243,p_01,9,24.89,11.2005
765-26-6951,p_04,6,72.61,21.783
585-90-0249,p_02,1,73.26,3.663
132-23-6451,p_01,5,20.97,5.2425
575-67-1508,p_02,1,38.6,1.93
214-30-2776,p_02,5,34.49,8.6225
832-51-6761,p_05,8,33.88,13.552
235-46-8343,p_05,10,27.66,13.83
174-64-0215,p_04,10,69.74,34.87
794-32-2436,p_02,2,55.67,5.567
238-45-6950,p_05,1,53.72,2.686
802-43-8934,p_03,1,18.28,0.914
740-22-2500,p_02,3,84.05,12.6075
810-60-6344,p_02,8,40.86,16.344
182-52-7000,p_04,4,27.04,5.408
860-79-0874,p_06,10,99.3,49.65
664-14-2882,p_03,5,10.53,2.6325
386-27-7606,p_03,7,81.2,28.42
198-84-7132,p_06,9,40.61,18.2745
319-50-3348,p_03,2,40.3,4.03
622-20-1945,p_01,1,39.42,1.971
558-60-5016,p_03,9,33.3,14.985
779-06-0012,p_03,1,88.61,4.4305
745-74-0715,p_02,2,58.03,5.803
868-81-1752,p_03,9,22.02,9.909
742-04-5161,p_03,10,72.78,36.39
268-27-6179,p_06,8,56.47,22.588
399-69-4630,p_02,6,22.21,6.663
150-89-8043,p_04,3,44.65,6.6975
250-17-5703,p_05,10,18.85,9.425
280-35-5823,p_03,1,86.72,4.336
389-70-2397,p_01,5,83.66,20.915
735-32-9839,p_06,8,98.7,39.48
573-10-3877,p_01,1,39.01,1.9505
423-80-0988,p_04,2,76.4,7.64
453-12-7053,p_06,3,45.74,6.861
139-32-4183,p_04,9,97.48,43.866
576-31-4774,p_01,3,73.41,11.0115
311-13-6971,p_04,10,31.99,15.995
608-04-3797,p_01,8,25.32,10.128
593-14-4239,p_03,8,95.46,38.184
566-71-1091,p_06,5,77.02,19.255
268-20-3585,p_01,9,13.85,6.2325
479-26-8945,p_04,2,16.49,1.649
365-16-4334,p_05,8,26.43,10.572
590-83-4591,p_02,6,87.45,26.235
809-46-1866,p_01,4,58.15,11.63
595-11-5460,p_01,2,96.58,9.658
241-72-9525,p_04,10,51.91,25.955
658-66-3967,p_01,7,53.19,18.6165
101-17-6199,p_05,7,45.79,16.0265
778-34-2523,p_02,8,48.62,19.448
593-08-5916,p_06,1,15.5,0.775
870-76-1733,p_05,5,14.23,3.5575
699-01-4164,p_01,4,41.5,8.3
135-13-8269,p_05,2,78.88,7.888
751-15-6198,p_04,6,23.01,6.903
674-15-9296,p_04,5,37.14,9.285
343-75-9322,p_04,8,11.85,4.74
717-96-4189,p_02,6,35.49,10.647
197-77-7132,p_02,8,91.56,36.624
174-75-0888,p_02,9,21.58,9.711
853-23-2453,p_01,4,75.74,15.148
325-90-8763,p_02,10,46.57,23.285
641-96-3695,p_06,6,43.46,13.038
744-82-9138,p_06,2,86.13,8.613
578-80-7669,p_04,1,74.97,3.7485
727-17-0390,p_05,5,63.61,15.9025
733-01-9107,p_03,6,82.7,24.81
474-33-8305,p_06,7,67.39,23.5865
592-34-6155,p_05,4,31.77,6.354
733-29-1227,p_03,7,55.61,19.4635
650-98-6268,p_05,3,20.87,3.1305
689-05-1884,p_01,10,48.63,24.315
453-63-6187,p_02,3,27.5,4.125
734-91-1155,p_02,3,45.71,6.8565
488-25-4221,p_05,1,30.41,1.5205
139-52-2867,p_06,7,22.51,7.8785
364-34-2972,p_02,3,96.82,14.523
416-13-5917,p_05,5,97.03,24.2575
131-70-8179,p_01,3,92.09,13.8135
878-30-2331,p_04,10,54.55,27.275
549-84-7482,p_04,9,90.28,40.626
594-34-4444,p_02,1,97.16,4.858
652-49-6720,p_02,1,60.95,3.0475
875-46-5808,p_01,10,25.9,12.95
802-70-5316,p_04,6,92.13,27.639
731-59-7531,p_01,8,72.57,29.028
457-13-1708,p_06,10,65.23,32.615
422-29-8786,p_03,5,67.09,16.7725
725-54-0677,p_01,7,85.6,29.96
837-55-7229,p_06,1,47.44,2.372
336-78-2147,p_03,8,63.91,25.564
364-33-8584,p_05,5,17.63,4.4075
746-68-6593,p_04,2,87.16,8.716
750-67-8428,p_01,7,74.69,26.1415
152-03-4217,p_03,9,11.28,5.076
690-01-6631,p_06,10,17.49,8.745
373-14-0504,p_04,2,71.63,7.163
785-13-7708,p_05,7,73.06,25.571
114-35-5271,p_02,8,57.91,23.164
378-24-2715,p_03,2,53.44,5.344
656-95-9349,p_01,7,68.93,24.1255
468-99-7231,p_03,8,44.01,17.604
510-95-6347,p_05,3,48.52,7.278
256-58-3609,p_06,1,91.98,4.599
873-95-4984,p_01,7,76.9,26.915
848-24-9445,p_01,2,43.7,4.37
373-88-1424,p_03,5,35.81,8.9525
829-49-1914,p_05,10,78.31,39.155
451-28-5717,p_03,6,83.17,24.951
115-38-7388,p_06,8,10.18,4.072
234-65-2137,p_03,10,95.58,47.79
888-02-0338,p_02,9,26.23,11.8035
521-18-7827,p_03,5,39.39,9.8475
249-42-3782,p_01,5,70.01,17.5025
656-16-1063,p_04,3,46.42,6.963
541-89-9860,p_06,3,80.48,12.072
484-22-8230,p_06,7,51.89,18.1615
420-11-4919,p_05,5,71.39,17.8475
718-57-9773,p_04,10,49.33,24.665
380-94-4661,p_02,4,65.94,13.188
425-85-2085,p_01,5,54.86,13.715
729-06-2010,p_01,9,80.47,36.2115
388-76-2555,p_04,6,13.69,4.107
868-06-0466,p_02,9,69.58,31.311
183-21-3799,p_02,9,77.63,34.9335
263-12-5321,p_02,7,92.6,32.41
130-67-4723,p_05,6,48.5,14.55
430-60-3493,p_03,7,94.88,33.208
236-27-1144,p_05,9,16.31,7.3395
491-38-3499,p_06,1,55.45,2.7725
137-63-5492,p_02,10,58.76,29.38
665-63-9737,p_06,3,52.42,7.863
702-83-5291,p_06,9,99.82,44.919
701-23-5550,p_03,4,38.81,7.762
273-84-2164,p_02,5,12.05,3.0125
759-29-9521,p_06,9,48.96,22.032
210-30-7976,p_06,4,22.32,4.464
354-25-5821,p_04,6,69.12,20.736
568-88-3448,p_01,1,25,1.25
162-48-8011,p_05,5,44.59,11.1475
343-87-0864,p_01,1,75.88,3.794
366-93-0948,p_02,1,66.35,3.3175
827-26-2100,p_03,9,33.84,15.228
827-77-7633,p_04,9,98.09,44.1405
760-27-5490,p_06,8,15.62,6.248
408-66-6712,p_01,6,47.71,14.313
342-65-4817,p_01,3,86.8,13.02
439-54-7422,p_02,4,51.19,10.238
149-71-6266,p_04,9,78.07,35.1315
372-94-8041,p_01,6,15.26,4.578
587-03-7455,p_06,7,97.79,34.2265
704-11-6354,p_03,8,58.9,23.56
560-49-6611,p_04,1,45.58,2.279
632-32-4574,p_04,8,75.92,30.368
226-71-3580,p_04,9,23.75,10.6875
156-95-3964,p_05,4,55.39,11.078
151-16-1484,p_02,4,32.25,6.45
218-59-9410,p_03,3,72.42,10.863
316-55-4634,p_05,5,80.05,20.0125
370-41-7321,p_01,9,56.69,25.5105
896-34-0956,p_06,1,21.32,1.066
410-67-1709,p_06,8,63.88,25.552
207-73-1363,p_01,2,69.51,6.951
574-31-8277,p_06,1,33.63,1.6815
149-15-7606,p_04,9,37.32,16.794
253-12-6086,p_04,7,98.4,34.44
626-43-7888,p_06,8,60.41,24.164
821-14-9046,p_06,6,17.48,5.244
692-27-8933,p_04,6,57.95,17.385
632-90-0281,p_06,10,37.55,18.775
329-62-1586,p_05,3,54.67,8.2005
302-15-2162,p_01,6,46.53,13.959
347-56-2442,p_03,1,65.82,3.291
751-69-0068,p_04,9,99.24,44.658
201-86-2184,p_02,7,26.26,9.191
616-24-2851,p_06,4,17.87,3.574
842-29-4695,p_04,7,17.14,5.999
174-36-3675,p_05,2,99.37,9.937
676-10-2200,p_06,1,53.78,2.689
273-16-6619,p_03,2,33.2,3.32
633-44-8566,p_05,7,49.38,17.283
145-94-9061,p_05,5,88.36,22.09
895-03-6665,p_06,9,36.51,16.4295
377-79-7592,p_02,9,44.84,20.178
583-41-4548,p_03,7,16.67,5.8345
518-17-2983,p_06,4,48.63,9.726
585-86-8361,p_05,5,27.28,6.82
636-98-3364,p_02,3,26.26,3.939
610-46-4100,p_01,7,28.95,10.1325
183-56-6882,p_05,4,99.42,19.884
347-72-6115,p_04,7,90.74,31.759
527-09-6272,p_02,5,28.45,7.1125
173-50-1108,p_04,4,20.18,4.036
631-41-3108,p_03,7,46.33,16.2155
885-56-0389,p_06,1,52.35,2.6175
442-44-6497,p_03,3,55.57,8.3355
695-28-6250,p_04,5,43.06,10.765
571-94-0759,p_05,10,74.6,37.3
187-83-5490,p_02,4,20.77,4.154
722-13-2115,p_04,1,42.85,2.1425
510-79-0415,p_04,6,23.08,6.924
523-38-0215,p_03,1,37,1.85
749-81-8133,p_06,4,94.67,18.934
175-54-2529,p_05,8,22.17,8.868
453-33-6436,p_03,8,93.12,37.248
